FullName,school,year,games,wins,srs,losses
Troy Calhoun,Air Force,2025,6,1,-10.6,5
Joe Moorhead,Akron,2025,7,2,-15.1,5
Kalen DeBoer,Alabama,2025,6,5,17.2,1
Dowell Loggains,App State,2025,6,4,-12.4,2
Brent Brennan,Arizona,2025,6,4,6.1,2
Kenny Dillingham,Arizona State,2025,6,4,2.5,2
Sam Pittman,Arkansas,2025,6,2,9,4
Butch Jones,Arkansas State,2025,6,2,-13.5,4
Jeff Monken,Army,2025,6,3,-4.4,3
Hugh Freeze,Auburn,2025,6,3,9.5,3
Mike Uremovich,Ball State,2025,6,2,-17.6,4
Dave Aranda,Baylor,2025,6,4,-1.4,2
Spencer Danielson,Boise State,2025,6,4,6.4,2
Bill O'Brien,Boston College,2025,6,1,-10.5,5
Eddie George,Bowling Green,2025,6,3,-4.8,3
Pete Lembo,Buffalo,2025,6,3,-12.8,3
Kalani Sitake,BYU,2025,6,6,16.2,0
Justin Wilcox,California,2025,6,4,-5.6,2
Matt Drinkall,Central Michigan,2025,6,3,-13.2,3
Tim Albin,Charlotte,2025,6,1,-23.5,5
Scott Satterfield,Cincinnati,2025,6,5,9.8,1
Dabo Swinney,Clemson,2025,6,3,6.3,3
Tim Beck,Coastal Carolina,2025,6,3,-11.9,3
Deion Sanders,Colorado,2025,7,3,5,4
Jay Norvell,Colorado State,2025,6,2,-5.2,4
Ryan Carty,Delaware,2025,6,4,-7.2,2
Manny Diaz,Duke,2025,5,3,9.5,2
Blake Harrell,East Carolina,2025,6,4,6.9,2
Chris Creighton,Eastern Michigan,2025,6,3,-21.7,3
Billy Napier,Florida,2025,7,2,12.6,5
Zach Kittley,Florida Atlantic,2025,6,2,-14.9,4
Willie Simmons,Florida International,2025,6,3,-18.4,3
Mike Norvell,Florida State,2025,5,2,16.7,3
Matt Entz,Fresno State,2025,6,3,-8.9,3
Kirby Smart,Georgia,2025,7,5,18,2
Clay Helton,Georgia Southern,2025,6,5,-15.4,1
Dell McGee,Georgia State,2025,6,2,-19.7,4
Brent Key,Georgia Tech,2025,6,1,12.4,5
Timmy Chang,Hawai'i,2025,6,6,-8.2,0
Willie Fritz,Houston,2025,7,5,5.6,2
Bret Bielema,Illinois,2025,6,5,16.3,1
Curt Cignetti,Indiana,2025,7,5,27.1,2
Kirk Ferentz,Iowa,2025,6,6,8.7,0
Matt Campbell,Iowa State,2025,6,4,9.8,2
Charles Kelly,Jacksonville State,2025,7,5,-13.1,2
Bob Chesney,James Madison,2025,6,3,-0.2,3
Lance Leipold,Kansas,2025,6,5,7.4,1
Chris Klieman,Kansas State,2025,7,4,3.3,3
Jerry Mack,Kennesaw State,2025,7,3,-2,4
Mark Carney,Kent State,2025,6,4,-12.8,2
Mark Stoops,Kentucky,2025,6,2,0.2,4
Jamey Chadwell,Liberty,2025,5,2,-12.1,3
Michael Desormeaux,Louisiana,2025,6,2,-14.2,4
Sonny Cumbie,Louisiana Tech,2025,6,2,-0.5,4
Jeff Brohm,Louisville,2025,6,4,13.4,2
Brian Kelly,LSU,2025,6,3,16.2,3
Tony Gibson,Marshall,2025,5,4,-1,1
Mike Locksley,Maryland,2025,6,5,5.5,1
Joe Harasymiak,Massachusetts,2025,6,3,-27.9,3
Ryan Silverfield,Memphis,2025,6,4,9.1,2
Mario Cristobal,Miami,2025,6,0,26.8,6
Chuck Martin,Miami (OH),2025,6,6,-7.9,0
Sherrone Moore,Michigan,2025,5,5,8.9,0
Jonathan Smith,Michigan State,2025,6,3,-4.3,3
Derek Mason,Middle Tennessee,2025,6,4,-20.3,2
P.J. Fleck,Minnesota,2025,6,3,-0.1,3
Jeff Lebby,Mississippi State,2025,6,1,7,5
Eli Drinkwitz,Missouri,2025,6,4,12.5,2
Ryan Beard,Missouri State,2025,6,4,-10.3,2
Brian Newberry,Navy,2025,6,5,-4.6,1
Dave Doeren,NC State,2025,6,3,6.5,3
Matt Rhule,Nebraska,2025,6,6,9.6,0
Jeff Choate,Nevada,2025,6,5,-18,1
Jason Eck,New Mexico,2025,6,1,-2.3,5
Tony Sanchez,New Mexico State,2025,6,6,-14.7,0
Bill Belichick,North Carolina,2025,6,3,-13.5,3
Eric Morris,North Texas,2025,5,3,8.5,2
Thomas Hammock,Northern Illinois,2025,5,2,-17,3
David Braun,Northwestern,2025,7,4,-0.2,3
Marcus Freeman,Notre Dame,2025,6,5,27.3,1
Brian Smith,Ohio,2025,6,1,-2.6,5
Ryan Day,Ohio State,2025,6,4,27.2,2
Brent Venables,Oklahoma,2025,6,4,11.9,2
Mike Gundy,Oklahoma State,2025,6,3,-18.5,3
Ricky Rahne,Old Dominion,2025,6,6,7.1,0
Lane Kiffin,Ole Miss,2025,6,5,13.9,1
Dan Lanning,Oregon,2025,6,1,19,5
Trent Bray,Oregon State,2025,6,4,-13.9,2
James Franklin,Penn State,2025,6,6,7.3,0
Pat Narduzzi,Pittsburgh,2025,6,5,10.9,1
Barry Odom,Purdue,2025,7,0,1.2,7
Scott Abell,Rice,2025,6,3,-17.4,3
Greg Schiano,Rutgers,2025,6,4,2.7,2
Phil Longo,Sam Houston,2025,6,2,-22.1,4
Sean Lewis,San Diego State,2025,7,3,5,4
Ken Niumatalolo,San José State,2025,6,3,-11.4,3
Rhett Lashlee,SMU,2025,6,0,3,6
Major Applewhite,South Alabama,2025,6,5,-12.3,1
Shane Beamer,South Carolina,2025,6,2,4.7,4
Alex Golesh,South Florida,2025,6,4,17.2,2
Charles Huff,Southern Miss,2025,6,1,-5.8,5
Frank Reich,Stanford,2025,6,3,-9.9,3
Fran Brown,Syracuse,2025,6,5,1.1,1
Sonny Dykes,TCU,2025,6,4,6.2,2
K.C. Keeler,Temple,2025,6,2,-3.5,4
Josh Heupel,Tennessee,2025,6,3,16,3
Steve Sarkisian,Texas,2025,6,3,13.1,3
Mike Elko,Texas A&M,2025,6,5,21.2,1
G.J. Kinne,Texas State,2025,6,4,-5.6,2
Joey McGuire,Texas Tech,2025,6,6,24.6,0
Jason Candle,Toledo,2025,6,4,5.8,2
Gerad Parker,Troy,2025,6,3,-6.9,3
Jon Sumrall,Tulane,2025,6,6,4.5,0
Tre Lamb,Tulsa,2025,6,3,-13.5,3
Trent Dilfer,UAB,2025,6,4,-19.3,2
Scott Frost,UCF,2025,6,5,1,1
Deshaun Foster,UCLA,2025,6,2,-2,4
Jim Mora,UConn,2025,6,2,-2.1,4
Bryant Vincent,UL Monroe,2025,6,3,-16.8,3
Dan Mullen,UNLV,2025,6,2,-3.6,4
Lincoln Riley,USC,2025,6,5,16.4,1
Kyle Whittingham,Utah,2025,6,5,21.7,1
Bronco Mendenhall,Utah State,2025,6,3,-4.5,3
Scotty Walden,UTEP,2025,6,1,-17,5
Jeff Traylor,UTSA,2025,6,3,-0.9,3
Clark Lea,Vanderbilt,2025,6,5,14.6,1
Tony Elliott,Virginia,2025,6,5,14.8,1
Brent Pry,Virginia Tech,2025,7,2,-4.1,5
Jake Dickert,Wake Forest,2025,6,4,3.9,2
Jedd Fisch,Washington,2025,6,5,19.5,1
Jimmy Rogers,Washington State,2025,6,3,1.4,3
Rich Rodriguez,West Virginia,2025,6,2,-3,4
Tyson Helton,Western Kentucky,2025,6,5,-5.3,1
Lance Taylor,Western Michigan,2025,7,4,-1.7,3
Luke Fickell,Wisconsin,2025,6,2,-4.3,4
Jay Sawvel,Wyoming,2025,6,3,-8.7,3
