"School","Year","Games","Wins","Losses","Srs","FirstName","LastName"
"Rice","2025","0","0","0","-17.4","Scott","Abell"
"Charlotte","2025","0","0","0","-23.5","Tim","Albin"
"South Alabama","2025","0","0","0","-12.3","Major","Applewhite"
"Baylor","2025","0","0","0","-1.4","Dave","Aranda"
"South Carolina","2025","0","0","0","4.7","Shane","Beamer"
"Missouri State","2025","0","0","0","-10.3","Ryan","Beard"
"Coastal Carolina","2025","0","0","0","-11.9","Tim","Beck"
"North Carolina","2025","0","0","0","-13.5","Bill","Belichick"
"Illinois","2025","0","0","0","16.3","Bret","Bielema"
"Northwestern","2025","0","0","0","-0.2","David","Braun"
"Oregon State","2025","0","0","0","-13.9","Trent","Bray"
"Arizona","2025","0","0","0","6.1","Brent","Brennan"
"Louisville","2025","0","0","0","13.4","Jeff","Brohm"
"Syracuse","2025","0","0","0","1.1","Fran","Brown"
"Air Force","2025","0","0","0","-10.6","Troy","Calhoun"
"Iowa State","2025","0","0","0","9.8","Matt","Campbell"
"Toledo","2025","0","0","0","5.8","Jason","Candle"
"Kent State","2025","0","0","0","-12.8","Mark","Carney"
"Delaware","2025","0","0","0","-7.2","Ryan","Carty"
"Liberty","2025","0","0","0","-12.1","Jamey","Chadwell"
"Hawai'i","2025","0","0","0","-8.2","Timmy","Chang"
"James Madison","2025","0","0","0","-0.2","Bob","Chesney"
"Nevada","2025","0","0","0","-18","Jeff","Choate"
"Indiana","2025","0","0","0","27.1","Curt","Cignetti"
"Eastern Michigan","2025","0","0","0","-21.7","Chris","Creighton"
"Miami","2025","0","0","0","26.8","Mario","Cristobal"
"Louisiana Tech","2025","0","0","0","-0.5","Sonny","Cumbie"
"Boise State","2025","0","0","0","6.4","Spencer","Danielson"
"Ohio State","2025","0","0","0","27.2","Ryan","Day"
"Alabama","2025","0","0","0","17.2","Kalen","DeBoer"
"Louisiana","2025","0","0","0","-14.2","Michael","Desormeaux"
"Duke","2025","0","0","0","9.5","Manny","Diaz"
"Wake Forest","2025","0","0","0","3.9","Jake","Dickert"
"UAB","2025","0","0","0","-19.3","Trent","Dilfer"
"Arizona State","2025","0","0","0","2.5","Kenny","Dillingham"
"NC State","2025","0","0","0","6.5","Dave","Doeren"
"Central Michigan","2025","0","0","0","-13.2","Matt","Drinkall"
"Missouri","2025","0","0","0","12.5","Eli","Drinkwitz"
"TCU","2025","0","0","0","6.2","Sonny","Dykes"
"New Mexico","2025","0","0","0","-2.3","Jason","Eck"
"Texas A&M","2025","0","0","0","21.2","Mike","Elko"
"Virginia","2025","0","0","0","14.8","Tony","Elliott"
"Fresno State","2025","0","0","0","-8.9","Matt","Entz"
"Iowa","2025","0","0","0","8.7","Kirk","Ferentz"
"Wisconsin","2025","0","0","0","-4.3","Luke","Fickell"
"Washington","2025","0","0","0","19.5","Jedd","Fisch"
"Minnesota","2025","0","0","0","-0.1","P.J.","Fleck"
"UCLA","2025","0","0","0","-2","Deshaun","Foster"
"Penn State","2025","0","0","0","7.3","James","Franklin"
"Notre Dame","2025","0","0","0","27.3","Marcus","Freeman"
"Auburn","2025","0","0","0","9.5","Hugh","Freeze"
"Houston","2025","0","0","0","5.6","Willie","Fritz"
"UCF","2025","0","0","0","1","Scott","Frost"
"Bowling Green","2025","0","0","0","-4.8","Eddie","George"
"Marshall","2025","0","0","0","-1","Tony","Gibson"
"South Florida","2025","0","0","0","17.2","Alex","Golesh"
"Oklahoma State","2025","0","0","0","-18.5","Mike","Gundy"
"Northern Illinois","2025","0","0","0","-17","Thomas","Hammock"
"Massachusetts","2025","0","0","0","-27.9","Joe","Harasymiak"
"East Carolina","2025","0","0","0","6.9","Blake","Harrell"
"Georgia Southern","2025","0","0","0","-15.4","Clay","Helton"
"Western Kentucky","2025","0","0","0","-5.3","Tyson","Helton"
"Tennessee","2025","0","0","0","16","Josh","Heupel"
"Southern Miss","2025","0","0","0","-5.8","Charles","Huff"
"Arkansas State","2025","0","0","0","-13.5","Butch","Jones"
"Temple","2025","0","0","0","-3.5","K.C.","Keeler"
"LSU","2025","0","0","0","16.2","Brian","Kelly"
"Jacksonville State","2025","0","0","0","-13.1","Charles","Kelly"
"Georgia Tech","2025","0","0","0","12.4","Brent","Key"
"Ole Miss","2025","0","0","0","13.9","Lane","Kiffin"
"Texas State","2025","0","0","0","-5.6","G.J.","Kinne"
"Florida Atlantic","2025","0","0","0","-14.9","Zach","Kittley"
"Kansas State","2025","0","0","0","3.3","Chris","Klieman"
"Tulsa","2025","0","0","0","-13.5","Tre","Lamb"
"Oregon","2025","0","0","0","19","Dan","Lanning"
"SMU","2025","0","0","0","3","Rhett","Lashlee"
"Vanderbilt","2025","0","0","0","14.6","Clark","Lea"
"Mississippi State","2025","0","0","0","7","Jeff","Lebby"
"Kansas","2025","0","0","0","7.4","Lance","Leipold"
"Buffalo","2025","0","0","0","-12.8","Pete","Lembo"
"San Diego State","2025","0","0","0","5","Sean","Lewis"
"Maryland","2025","0","0","0","5.5","Mike","Locksley"
"App State","2025","0","0","0","-12.4","Dowell","Loggains"
"Sam Houston","2025","0","0","0","-22.1","Phil","Longo"
"Kennesaw State","2025","0","0","0","-2","Jerry","Mack"
"Miami (OH)","2025","0","0","0","-7.9","Chuck","Martin"
"Middle Tennessee","2025","0","0","0","-20.3","Derek","Mason"
"Georgia State","2025","0","0","0","-19.7","Dell","McGee"
"Texas Tech","2025","0","0","0","24.6","Joey","McGuire"
"Utah State","2025","0","0","0","-4.5","Bronco","Mendenhall"
"Army","2025","0","0","0","-4.4","Jeff","Monken"
"Michigan","2025","0","0","0","8.9","Sherrone","Moore"
"Akron","2025","0","0","0","-15.1","Joe","Moorhead"
"UConn","2025","0","0","0","-2.1","Jim","Mora"
"North Texas","2025","0","0","0","8.5","Eric","Morris"
"UNLV","2025","0","0","0","-3.6","Dan","Mullen"
"Florida","2025","0","0","0","12.6","Billy","Napier"
"Pittsburgh","2025","0","0","0","10.9","Pat","Narduzzi"
"Navy","2025","0","0","0","-4.6","Brian","Newberry"
"San José State","2025","0","0","0","-11.4","Ken","Niumatalolo"
"Colorado State","2025","0","0","0","-5.2","Jay","Norvell"
"Florida State","2025","0","0","0","16.7","Mike","Norvell"
"Boston College","2025","0","0","0","-10.5","Bill","O'Brien"
"Purdue","2025","0","0","0","1.2","Barry","Odom"
"Troy","2025","0","0","0","-6.9","Gerad","Parker"
"Arkansas","2025","0","0","0","9","Sam","Pittman"
"Virginia Tech","2025","0","0","0","-4.1","Brent","Pry"
"Old Dominion","2025","0","0","0","7.1","Ricky","Rahne"
"Stanford","2025","0","0","0","-9.9","Frank","Reich"
"Nebraska","2025","0","0","0","9.6","Matt","Rhule"
"USC","2025","0","0","0","16.4","Lincoln","Riley"
"West Virginia","2025","0","0","0","-3","Rich","Rodriguez"
"Washington State","2025","0","0","0","1.4","Jimmy","Rogers"
"New Mexico State","2025","0","0","0","-14.7","Tony","Sanchez"
"Colorado","2025","0","0","0","5","Deion","Sanders"
"Texas","2025","0","0","0","13.1","Steve","Sarkisian"
"Cincinnati","2025","0","0","0","9.8","Scott","Satterfield"
"Wyoming","2025","0","0","0","-8.7","Jay","Sawvel"
"Rutgers","2025","0","0","0","2.7","Greg","Schiano"
"Memphis","2025","0","0","0","9.1","Ryan","Silverfield"
"Florida International","2025","0","0","0","-18.4","Willie","Simmons"
"BYU","2025","0","0","0","16.2","Kalani","Sitake"
"Georgia","2025","0","0","0","18","Kirby","Smart"
"Ohio","2025","0","0","0","-2.6","Brian","Smith"
"Michigan State","2025","0","0","0","-4.3","Jonathan","Smith"
"Kentucky","2025","0","0","0","0.2","Mark","Stoops"
"Tulane","2025","0","0","0","4.5","Jon","Sumrall"
"Clemson","2025","0","0","0","6.3","Dabo","Swinney"
"Western Michigan","2025","0","0","0","-1.7","Lance","Taylor"
"UTSA","2025","0","0","0","-0.9","Jeff","Traylor"
"Ball State","2025","0","0","0","-17.6","Mike","Uremovich"
"Oklahoma","2025","0","0","0","11.9","Brent","Venables"
"UL Monroe","2025","0","0","0","-16.8","Bryant","Vincent"
"UTEP","2025","0","0","0","-17","Scotty","Walden"
"Utah","2025","0","0","0","21.7","Kyle","Whittingham"
"California","2025","0","0","0","-5.6","Justin","Wilcox"
"Rice","2024","4","2","2","-8.6","Pete","Alamar"
"Ohio","2024","14","11","3","1.7","Tim","Albin"
"Utah State","2024","0","0","0","-11.7","Blake","Anderson"
"South Alabama","2024","13","7","6","-1.7","Major","Applewhite"
"Baylor","2024","13","8","5","11.5","Dave","Aranda"
"South Carolina","2024","13","9","4","15.8","Shane","Beamer"
"Coastal Carolina","2024","13","6","7","-9.2","Tim","Beck"
"Illinois","2024","13","10","3","8.8","Bret","Bielema"
"Rice","2024","8","2","6","-8.6","Mike","Bloomgren"
"Kennesaw State","2024","9","1","8","-23.3","Brian","Bohannon"
"Northwestern","2024","12","4","8","-3.3","David","Braun"
"Oregon State","2024","12","5","7","-9.2","Trent","Bray"
"Arizona","2024","12","4","8","-3.9","Brent","Brennan"
"Charlotte","2024","2","2","0","-12.4","Tim","Brewster"
"Louisville","2024","13","9","4","15.4","Jeff","Brohm"
"Massachusetts","2024","10","2","8","-17.4","Don","Brown"
"Syracuse","2024","13","10","3","6","Fran","Brown"
"North Carolina","2024","12","6","6","0.7","Mack","Brown"
"West Virginia","2024","12","6","6","1.2","Neal","Brown"
"Kennesaw State","2024","3","1","2","-23.3","Chandler","Burks"
"Kent State","2024","12","0","12","-26.8","Kenni","Burns"
"Air Force","2024","12","5","7","-11.5","Troy","Calhoun"
"Iowa State","2024","14","11","3","11.2","Matt","Campbell"
"Toledo","2024","13","8","5","-2","Jason","Candle"
"Liberty","2024","12","8","4","-9.9","Jamey","Chadwell"
"Hawai'i","2024","12","5","7","-12.9","Timmy","Chang"
"James Madison","2024","13","9","4","1.3","Bob","Chesney"
"Nevada","2024","13","3","10","-9.2","Jeff","Choate"
"Indiana","2024","13","11","2","17.7","Curt","Cignetti"
"App State","2024","11","5","6","-7.6","Shawn","Clark"
"Wake Forest","2024","12","4","8","-6.2","Dave","Clawson"
"Sam Houston","2024","1","1","0","-6.2","Brad","Cornelsen"
"Eastern Michigan","2024","12","5","7","-12.1","Chris","Creighton"
"Miami","2024","13","10","3","15.5","Mario","Cristobal"
"Louisiana Tech","2024","13","5","8","-12.6","Sonny","Cumbie"
"Boise State","2024","14","12","2","9.9","Spencer","Danielson"
"Ohio State","2024","16","14","2","24.6","Ryan","Day"
"Alabama","2024","13","9","4","18.1","Kalen","DeBoer"
"Louisiana","2024","14","10","4","-1.7","Michael","Desormeaux"
"Duke","2024","13","9","4","1.6","Manny","Diaz"
"Washington State","2024","12","8","4","-0.3","Jake","Dickert"
"UAB","2024","12","3","9","-11.6","Trent","Dilfer"
"Arizona State","2024","14","11","3","13.4","Kenny","Dillingham"
"NC State","2024","13","6","7","-2.1","Dave","Doeren"
"Temple","2024","10","3","7","-17","Stan","Drayton"
"Utah State","2024","12","4","8","-11.7","Nate","Dreiling"
"Missouri","2024","13","10","3","8.9","Eli","Drinkwitz"
"TCU","2024","13","9","4","9.2","Sonny","Dykes"
"Texas A&M","2024","13","8","5","12.2","Mike","Elko"
"Georgia State","2024","0","0","0","-12.9","Shawn","Elliott"
"Virginia","2024","12","5","7","-1.9","Tony","Elliott"
"Iowa","2024","13","8","5","12.4","Kirk","Ferentz"
"Wisconsin","2024","12","5","7","4","Luke","Fickell"
"Washington","2024","13","6","7","4.8","Jedd","Fisch"
"Minnesota","2024","13","8","5","12.6","P.J.","Fleck"
"UCLA","2024","12","5","7","2.1","Deshaun","Foster"
"Penn State","2024","16","13","3","19.3","James","Franklin"
"Notre Dame","2024","16","14","2","22","Marcus","Freeman"
"Auburn","2024","12","5","7","6.3","Hugh","Freeze"
"Houston","2024","12","4","8","-2","Willie","Fritz"
"South Florida","2024","13","7","6","-4.5","Alex","Golesh"
"Oklahoma State","2024","12","3","9","-1.8","Mike","Gundy"
"Southern Miss","2024","7","1","6","-23.9","Will","Hall"
"Northern Illinois","2024","13","8","5","-1.1","Thomas","Hammock"
"East Carolina","2024","6","5","1","-5.3","Blake","Harrell"
"Georgia Southern","2024","13","8","5","-2.5","Clay","Helton"
"Western Kentucky","2024","14","8","6","-5.4","Tyson","Helton"
"Florida Atlantic","2024","10","2","8","-15.4","Tom","Herman"
"Tennessee","2024","13","10","3","14.3","Josh","Heupel"
"Houston","2024","0","0","0","-2","Dana","Holgorsen"
"East Carolina","2024","7","3","4","-5.3","Mike","Houston"
"Marshall","2024","13","10","3","3.5","Charles","Huff"
"Ball State","2024","2","0","2","-13.4","Colin","Johnson"
"Arkansas State","2024","13","8","5","-11.5","Butch","Jones"
"Washington State","2024","1","0","1","-0.3","Pete","Kaligis"
"Sam Houston","2024","12","9","3","-6.2","K.C.","Keeler"
"LSU","2024","13","9","4","12.9","Brian","Kelly"
"Georgia Tech","2024","13","7","6","5.5","Brent","Key"
"Ole Miss","2024","13","10","3","19.2","Lane","Kiffin"
"Texas State","2024","13","8","5","0.9","G.J.","Kinne"
"North Carolina","2024","1","0","1","0.7","Freddie","Kitchens"
"Kansas State","2024","13","9","4","11.8","Chris","Klieman"
"Oregon","2024","14","13","1","17.1","Dan","Lanning"
"SMU","2024","14","11","3","15.7","Rhett","Lashlee"
"Vanderbilt","2024","13","7","6","7.4","Clark","Lea"
"Mississippi State","2024","12","2","10","-1.6","Jeff","Lebby"
"Kansas","2024","12","5","7","10.8","Lance","Leipold"
"Buffalo","2024","13","9","4","-6.1","Pete","Lembo"
"San Diego State","2024","12","3","9","-16.6","Sean","Lewis"
"Buffalo","2024","0","0","0","-6.1","Maurice","Linguist"
"Maryland","2024","12","4","8","-2","Mike","Locksley"
"Bowling Green","2024","13","7","6","-1.9","Scot","Loeffler"
"Florida Atlantic","2024","2","1","1","-15.4","Chad","Lunsford"
"Florida International","2024","12","4","8","-11.6","Mike","MacIntyre"
"UCF","2024","12","4","8","6.2","Gus","Malzahn"
"Miami (OH)","2024","14","9","5","-0.1","Chuck","Martin"
"Middle Tennessee","2024","12","3","9","-23.2","Derek","Mason"
"Central Michigan","2024","12","4","8","-13.1","Jim","McElwain"
"Georgia State","2024","12","3","9","-12.9","Dell","McGee"
"Texas Tech","2024","13","8","5","3.9","Joey","McGuire"
"New Mexico","2024","12","5","7","-12.4","Bronco","Mendenhall"
"Army","2024","14","12","2","6.6","Jeff","Monken"
"Massachusetts","2024","2","0","2","-17.4","Shane","Montgomery"
"Michigan","2024","13","8","5","8.9","Sherrone","Moore"
"Akron","2024","12","4","8","-12.9","Joe","Moorhead"
"UConn","2024","13","9","4","-1.1","Jim","Mora"
"North Texas","2024","13","6","7","-5.5","Eric","Morris"
"Florida","2024","13","8","5","11.7","Billy","Napier"
"Pittsburgh","2024","13","7","6","4.5","Pat","Narduzzi"
"Ball State","2024","10","3","7","-13.4","Mike","Neu"
"Navy","2024","13","10","3","5.7","Brian","Newberry"
"San José State","2024","13","7","6","-7.1","Ken","Niumatalolo"
"Colorado State","2024","13","8","5","-8.2","Jay","Norvell"
"Florida State","2024","12","2","10","-6.7","Mike","Norvell"
"Boston College","2024","13","7","6","6.1","Bill","O'Brien"
"UNLV","2024","14","11","3","7.2","Barry","Odom"
"Troy","2024","12","4","8","-9.6","Gerad","Parker"
"Arkansas","2024","13","7","6","6.1","Sam","Pittman"
"Charlotte","2024","10","3","7","-12.4","Biff","Poggi"
"Virginia Tech","2024","13","6","7","10.4","Brent","Pry"
"Old Dominion","2024","12","5","7","-1.6","Ricky","Rahne"
"Nebraska","2024","13","7","6","8.5","Matt","Rhule"
"USC","2024","13","7","6","12.1","Lincoln","Riley"
"Jacksonville State","2024","14","9","5","-2.8","Rich","Rodriguez"
"New Mexico State","2024","12","3","9","-22.1","Tony","Sanchez"
"Colorado","2024","13","9","4","12.7","Deion","Sanders"
"Texas","2024","16","13","3","19.4","Steve","Sarkisian"
"Cincinnati","2024","12","5","7","4.4","Scott","Satterfield"
"Wyoming","2024","12","3","9","-12.1","Jay","Sawvel"
"Rutgers","2024","13","7","6","5.1","Greg","Schiano"
"West Virginia","2024","1","0","1","1.2","Chad","Scott"
"Memphis","2024","13","11","2","3.2","Ryan","Silverfield"
"BYU","2024","13","11","2","14.8","Kalani","Sitake"
"Fresno State","2024","13","6","7","-6","Tim","Skipper"
"Georgia","2024","14","11","3","16.3","Kirby","Smart"
"Michigan State","2024","12","5","7","-2.8","Jonathan","Smith"
"Kentucky","2024","12","4","8","3","Mark","Stoops"
"Southern Miss","2024","5","0","5","-23.9","Reed","Stringer"
"Tulane","2024","14","9","5","7.4","Jon","Sumrall"
"Clemson","2024","14","10","4","11.9","Dabo","Swinney"
"Tulsa","2024","1","0","1","-23.8","Ryan","Switzer"
"Western Michigan","2024","13","6","7","-7.6","Lance","Taylor"
"Stanford","2024","12","3","9","-5.7","Troy","Taylor"
"UTSA","2024","13","7","6","-3.6","Jeff","Traylor"
"Oklahoma","2024","13","6","7","7","Brent","Venables"
"UL Monroe","2024","12","5","7","-9.8","Bryant","Vincent"
"UTEP","2024","12","3","9","-20.2","Scotty","Walden"
"Purdue","2024","12","1","11","-8","Ryan","Walters"
"Utah","2024","12","5","7","6.1","Kyle","Whittingham"
"California","2024","13","6","7","1.8","Justin","Wilcox"
"Tulsa","2024","11","3","8","-23.8","Kevin","Wilson"
"Temple","2024","2","0","2","-17","Everett","Withers"
"Ohio","2023","13","10","3","-5.8","Tim","Albin"
"Indiana","2023","12","3","9","-3.5","Tom","Allen"
"Utah State","2023","13","6","7","-4.6","Blake","Anderson"
"Baylor","2023","12","3","9","-6.9","Dave","Aranda"
"Mississippi State","2023","10","4","6","-1.7","Zach","Arnett"
"Boise State","2023","10","5","5","6.4","Andy","Avalos"
"Syracuse","2023","11","5","6","-0.4","Dino","Babers"
"Michigan State","2023","10","2","8","-3.2","Harlon","Barnett"
"South Carolina","2023","12","5","7","2.7","Shane","Beamer"
"Coastal Carolina","2023","13","8","5","-0.9","Tim","Beck"
"Illinois","2023","12","5","7","-2.3","Bret","Bielema"
"Rice","2023","13","6","7","-4.3","Mike","Bloomgren"
"Wyoming","2023","13","9","4","-1.3","Craig","Bohl"
"UL Monroe","2023","12","2","10","-17.1","Terry","Bowden"
"Northwestern","2023","13","8","5","-0.3","David","Braun"
"San José State","2023","13","7","6","2.8","Brent","Brennan"
"Louisville","2023","14","10","4","12.6","Jeff","Brohm"
"Massachusetts","2023","12","3","9","-15.2","Don","Brown"
"North Carolina","2023","13","8","5","8.8","Mack","Brown"
"West Virginia","2023","13","9","4","6.5","Neal","Brown"
"Kent State","2023","12","1","11","-27","Kenni","Burns"
"Air Force","2023","13","9","4","1.1","Troy","Calhoun"
"Syracuse","2023","2","1","1","-0.4","Nunzio","Campanile"
"Iowa State","2023","13","7","6","9","Matt","Campbell"
"Toledo","2023","14","11","3","0.8","Jason","Candle"
"Liberty","2023","14","13","1","7.3","Jamey","Chadwell"
"Hawai'i","2023","13","5","8","-12.7","Timmy","Chang"
"James Madison","2023","12","11","1","8","Curt","Cignetti"
"App State","2023","14","9","5","0.8","Shawn","Clark"
"Wake Forest","2023","12","4","8","-4.1","Dave","Clawson"
"Eastern Michigan","2023","13","6","7","-16.9","Chris","Creighton"
"Miami","2023","13","7","6","8.8","Mario","Cristobal"
"Louisiana Tech","2023","12","3","9","-14.4","Sonny","Cumbie"
"Boise State","2023","4","3","1","6.4","Spencer","Danielson"
"Ohio State","2023","13","11","2","23.4","Ryan","Day"
"Washington","2023","15","14","1","16.5","Kalen","DeBoer"
"Louisiana","2023","13","6","7","-5.9","Michael","Desormeaux"
"Washington State","2023","12","5","7","6.2","Jake","Dickert"
"UAB","2023","12","4","8","-14.3","Trent","Dilfer"
"Arizona State","2023","12","3","9","-4.5","Kenny","Dillingham"
"UTEP","2023","12","3","9","-13.7","Dana","Dimel"
"NC State","2023","13","9","4","7","Dave","Doeren"
"Temple","2023","12","3","9","-19.6","Stan","Drayton"
"Missouri","2023","13","11","2","14.7","Eli","Drinkwitz"
"TCU","2023","12","5","7","8.6","Sonny","Dykes"
"Duke","2023","12","7","5","9.8","Mike","Elko"
"Georgia State","2023","13","7","6","-7.7","Shawn","Elliott"
"Virginia","2023","12","3","9","-4.4","Tony","Elliott"
"Iowa","2023","14","10","4","5.7","Kirk","Ferentz"
"Wisconsin","2023","13","7","6","4","Luke","Fickell"
"Arizona","2023","13","10","3","13.3","Jedd","Fisch"
"Texas A&M","2023","10","6","4","11.5","Jimbo","Fisher"
"Minnesota","2023","13","6","7","-2.3","P.J.","Fleck"
"Penn State","2023","13","10","3","22.8","James","Franklin"
"Notre Dame","2023","13","10","3","18.3","Marcus","Freeman"
"Auburn","2023","13","6","7","5.3","Hugh","Freeze"
"Tulane","2023","13","11","2","2","Willie","Fritz"
"Troy","2023","1","0","1","8.7","Greg","Gasparato"
"South Florida","2023","13","7","6","-10.5","Alex","Golesh"
"New Mexico","2023","12","4","8","-11.1","Danny","Gonzales"
"Oklahoma State","2023","14","10","4","6.1","Mike","Gundy"
"Boston College","2023","13","7","6","-4.8","Jeff","Hafley"
"Southern Miss","2023","12","3","9","-13.1","Will","Hall"
"Northern Illinois","2023","13","7","6","-8.8","Thomas","Hammock"
"Michigan","2023","15","15","0","25.9","Jim","Harbaugh"
"Georgia Southern","2023","13","6","7","-8.6","Clay","Helton"
"Western Kentucky","2023","13","8","5","-2.8","Tyson","Helton"
"Florida Atlantic","2023","12","4","8","-9.8","Tom","Herman"
"Tennessee","2023","13","9","4","9.1","Josh","Heupel"
"San Diego State","2023","12","4","8","-9.8","Brady","Hoke"
"Houston","2023","12","4","8","-3.3","Dana","Holgorsen"
"East Carolina","2023","12","2","10","-9.2","Mike","Houston"
"Marshall","2023","13","6","7","-7.5","Charles","Huff"
"Oregon State","2023","1","0","1","15.3","Kefense","Hynson"
"Arkansas State","2023","13","6","7","-6.4","Butch","Jones"
"Sam Houston","2023","12","3","9","-13.3","K.C.","Keeler"
"LSU","2023","13","10","3","17.1","Brian","Kelly"
"UCLA","2023","13","8","5","7.7","Chip","Kelly"
"Georgia Tech","2023","13","7","6","2.1","Brent","Key"
"Ole Miss","2023","13","11","2","14","Lane","Kiffin"
"New Mexico State","2023","15","10","5","-3","Jerry","Kill"
"Texas State","2023","13","8","5","-4.9","G.J.","Kinne"
"Kansas State","2023","13","9","4","19.6","Chris","Klieman"
"Mississippi State","2023","2","1","1","-1.7","Greg","Knox"
"Oregon","2023","14","12","2","22.3","Dan","Lanning"
"SMU","2023","14","11","3","8.9","Rhett","Lashlee"
"Vanderbilt","2023","12","2","10","-11","Clark","Lea"
"Kansas","2023","13","9","4","11","Lance","Leipold"
"Buffalo","2023","12","3","9","-15.3","Maurice","Linguist"
"Maryland","2023","13","8","5","8.4","Mike","Locksley"
"Bowling Green","2023","13","7","6","-3.8","Scot","Loeffler"
"Florida International","2023","12","4","8","-19.4","Mike","MacIntyre"
"UCF","2023","13","6","7","6.9","Gus","Malzahn"
"Miami (OH)","2023","14","11","3","-1.2","Chuck","Martin"
"Central Michigan","2023","12","5","7","-15.5","Jim","McElwain"
"Texas Tech","2023","13","7","6","7.3","Joey","McGuire"
"Army","2023","12","6","6","-5.3","Jeff","Monken"
"Akron","2023","12","2","10","-21.8","Joe","Moorhead"
"UConn","2023","12","3","9","-13.5","Jim","Mora"
"North Texas","2023","12","5","7","-9.6","Eric","Morris"
"Tulane","2023","1","0","1","2","Slade","Nagle"
"Florida","2023","12","5","7","3","Billy","Napier"
"Pittsburgh","2023","12","3","9","-3.3","Pat","Narduzzi"
"Ball State","2023","12","4","8","-12.8","Mike","Neu"
"Navy","2023","12","5","7","-11.4","Brian","Newberry"
"Colorado State","2023","12","5","7","-8.8","Jay","Norvell"
"Florida State","2023","14","13","1","19.6","Mike","Norvell"
"UNLV","2023","14","9","5","0.9","Barry","Odom"
"Arkansas","2023","12","4","8","1.1","Sam","Pittman"
"Charlotte","2023","12","3","9","-17.4","Biff","Poggi"
"Virginia Tech","2023","13","7","6","3.9","Brent","Pry"
"Old Dominion","2023","13","6","7","-8.7","Ricky","Rahne"
"Nebraska","2023","12","5","7","1.3","Matt","Rhule"
"USC","2023","13","8","5","9","Lincoln","Riley"
"Texas A&M","2023","3","1","2","11.5","Elijah","Robinson"
"Jacksonville State","2023","13","9","4","-1.2","Rich","Rodriguez"
"Alabama","2023","14","12","2","19.6","Nick","Saban"
"Colorado","2023","12","4","8","0.8","Deion","Sanders"
"Texas","2023","14","12","2","22","Steve","Sarkisian"
"Cincinnati","2023","12","3","9","-3.7","Scott","Satterfield"
"Rutgers","2023","13","7","6","3.1","Greg","Schiano"
"Memphis","2023","13","10","3","1.8","Ryan","Silverfield"
"BYU","2023","12","5","7","-0.8","Kalani","Sitake"
"Georgia","2023","14","13","1","20.7","Kirby","Smart"
"Oregon State","2023","12","8","4","15.3","Jonathan","Smith"
"Middle Tennessee","2023","12","4","8","-8.1","Rick","Stockstill"
"Kentucky","2023","13","7","6","5.3","Mark","Stoops"
"Troy","2023","13","11","2","8.7","Jon","Sumrall"
"Clemson","2023","13","9","4","10.8","Dabo","Swinney"
"Western Michigan","2023","12","4","8","-14.6","Lance","Taylor"
"Duke","2023","1","1","0","9.8","Trooper","Taylor"
"Stanford","2023","12","3","9","-5.5","Troy","Taylor"
"Fresno State","2023","13","9","4","-3.2","Jeff","Tedford"
"UTSA","2023","13","9","4","0.4","Jeff","Traylor"
"Michigan State","2023","2","2","0","-3.2","Mel","Tucker"
"Oklahoma","2023","13","10","3","19.1","Brent","Venables"
"Purdue","2023","12","4","8","-1.9","Ryan","Walters"
"Utah","2023","13","8","5","8.1","Kyle","Whittingham"
"California","2023","13","6","7","4.3","Justin","Wilcox"
"Nevada","2023","12","2","10","-17","Ken","Wilson"
"Tulsa","2023","12","4","8","-12.7","Kevin","Wilson"
"South Alabama","2023","13","7","6","-0.8","Kane","Wommack"
"James Madison","2023","1","0","1","8","Damian","Wroblewski"
"Arizona State","2022","9","2","7","-3.9","Shaun","Aguano"
"Ohio","2022","14","10","4","-3.6","Tim","Albin"
"Liberty","2022","1","0","1","-3.5","Josh","Aldridge"
"Indiana","2022","12","4","8","-3.5","Tom","Allen"
"Utah State","2022","13","6","7","-12.1","Blake","Anderson"
"Baylor","2022","13","6","7","9.2","Dave","Aranda"
"Mississippi State","2022","1","1","0","13.1","Zach","Arnett"
"UNLV","2022","12","5","7","-10","Marcus","Arroyo"
"Boise State","2022","14","10","4","1","Andy","Avalos"
"Syracuse","2022","13","7","6","4.5","Dino","Babers"
"South Carolina","2022","13","8","5","6.3","Shane","Beamer"
"North Texas","2022","1","0","1","-4.6","Phil","Bennett"
"Illinois","2022","13","8","5","11.7","Bret","Bielema"
"Rice","2022","13","5","8","-12.1","Mike","Bloomgren"
"Wyoming","2022","13","7","6","-10","Craig","Bohl"
"UL Monroe","2022","12","4","8","-12.2","Terry","Bowden"
"Louisville","2022","1","1","0","10.6","Deion","Branch"
"San José State","2022","12","7","5","-6.5","Brent","Brennan"
"Purdue","2022","1","0","1","5.1","Brian","Brohm"
"Purdue","2022","13","8","5","5.1","Jeff","Brohm"
"Massachusetts","2022","12","1","11","-23.8","Don","Brown"
"North Carolina","2022","14","9","5","4.2","Mack","Brown"
"West Virginia","2022","12","5","7","3.9","Neal","Brown"
"Air Force","2022","13","10","3","4.2","Troy","Calhoun"
"Iowa State","2022","12","4","8","8","Matt","Campbell"
"Toledo","2022","14","9","5","-3.4","Jason","Candle"
"Coastal Carolina","2022","12","9","3","-6.4","Jamey","Chadwell"
"Hawai'i","2022","13","3","10","-18.4","Timmy","Chang"
"Wisconsin","2022","5","2","3","5.4","Paul","Chryst"
"James Madison","2022","11","8","3","5","Curt","Cignetti"
"App State","2022","12","6","6","-0.8","Shawn","Clark"
"Wake Forest","2022","13","8","5","7.4","Dave","Clawson"
"Georgia Tech","2022","4","1","3","-6","Geoff","Collins"
"Cincinnati","2022","1","0","1","5.7","Kerry","Coombs"
"Eastern Michigan","2022","13","9","4","-9.2","Chris","Creighton"
"Miami","2022","12","5","7","-4.6","Mario","Cristobal"
"Louisiana Tech","2022","12","3","9","-14.3","Sonny","Cumbie"
"South Florida","2022","3","0","3","-12","Daniel","Da Prato"
"Ohio State","2022","13","11","2","22.5","Ryan","Day"
"Washington","2022","13","11","2","12","Kalen","DeBoer"
"Louisiana","2022","13","6","7","-1.7","Michael","Desormeaux"
"Washington State","2022","13","7","6","4.7","Jake","Dickert"
"UTEP","2022","12","5","7","-11.3","Dana","Dimel"
"NC State","2022","13","8","5","5.5","Dave","Doeren"
"Colorado","2022","5","0","5","-14.7","Karl","Dorrell"
"Temple","2022","12","3","9","-10.2","Stan","Drayton"
"Missouri","2022","13","6","7","4.2","Eli","Drinkwitz"
"TCU","2022","15","13","2","16.7","Sonny","Dykes"
"Arizona State","2022","3","1","2","-3.9","Herm","Edwards"
"Duke","2022","13","9","4","7","Mike","Elko"
"Georgia State","2022","12","4","8","-5.2","Shawn","Elliott"
"Virginia","2022","10","3","7","-6","Tony","Elliott"
"Iowa","2022","13","8","5","9.5","Kirk","Ferentz"
"Cincinnati","2022","12","9","3","5.7","Luke","Fickell"
"Wisconsin","2022","1","1","0","5.4","Luke","Fickell"
"Arizona","2022","12","5","7","-2","Jedd","Fisch"
"Texas A&M","2022","12","5","7","3.3","Jimbo","Fisher"
"Northwestern","2022","12","1","11","-7.2","Pat","Fitzgerald"
"Minnesota","2022","13","9","4","10.7","P.J.","Fleck"
"Penn State","2022","13","11","2","18.6","James","Franklin"
"Notre Dame","2022","13","9","4","10","Marcus","Freeman"
"Liberty","2022","12","8","4","-3.5","Hugh","Freeze"
"Tulane","2022","14","12","2","10.5","Willie","Fritz"
"Nebraska","2022","3","1","2","-1.8","Scott","Frost"
"New Mexico","2022","12","2","10","-19.1","Danny","Gonzales"
"Oklahoma State","2022","13","7","6","5.7","Mike","Gundy"
"Boston College","2022","12","3","9","-10.2","Jeff","Hafley"
"Southern Miss","2022","13","7","6","-5.2","Will","Hall"
"Northern Illinois","2022","12","3","9","-15","Thomas","Hammock"
"Michigan","2022","14","13","1","21.1","Jim","Harbaugh"
"Auburn","2022","8","3","5","3.1","Bryan","Harsin"
"Charlotte","2022","8","1","7","-18.8","Will","Healy"
"Georgia Southern","2022","13","6","7","-4.8","Clay","Helton"
"Western Kentucky","2022","14","9","5","-0.1","Tyson","Helton"
"Tennessee","2022","13","11","2","19.9","Josh","Heupel"
"San Diego State","2022","13","7","6","-6.9","Brady","Hoke"
"Houston","2022","13","8","5","2.8","Dana","Holgorsen"
"East Carolina","2022","13","8","5","3.8","Mike","Houston"
"Marshall","2022","13","9","4","0.6","Charles","Huff"
"Arkansas State","2022","12","3","9","-11.4","Butch","Jones"
"Nebraska","2022","9","3","6","-1.8","Mickey","Joseph"
"LSU","2022","14","10","4","14.8","Brian","Kelly"
"UCLA","2022","13","9","4","8.4","Chip","Kelly"
"Georgia Tech","2022","8","4","4","-6","Brent","Key"
"Ole Miss","2022","13","8","5","9.7","Lane","Kiffin"
"New Mexico State","2022","13","7","6","-11.6","Jerry","Kill"
"Kansas State","2022","14","10","4","15.5","Chris","Klieman"
"Oregon","2022","13","10","3","14.2","Dan","Lanning"
"SMU","2022","13","7","6","1.9","Rhett","Lashlee"
"Vanderbilt","2022","12","5","7","-2.4","Clark","Lea"
"Mississippi State","2022","12","8","4","13.1","Mike","Leach"
"Kansas","2022","13","6","7","7.6","Lance","Leipold"
"Wisconsin","2022","7","4","3","5.4","Jim","Leonhard"
"Western Michigan","2022","12","5","7","-13.6","Tim","Lester"
"Kent State","2022","12","5","7","-6.4","Sean","Lewis"
"Buffalo","2022","13","7","6","-7.3","Maurice","Linguist"
"North Texas","2022","13","7","6","-4.6","Seth","Littrell"
"Maryland","2022","13","8","5","6.2","Mike","Locksley"
"Bowling Green","2022","13","6","7","-14.3","Scot","Loeffler"
"Florida International","2022","12","4","8","-22.8","Mike","MacIntyre"
"UCF","2022","14","9","5","4.7","Gus","Malzahn"
"Miami (OH)","2022","13","6","7","-12.2","Chuck","Martin"
"Central Michigan","2022","12","4","8","-12.2","Jim","McElwain"
"Texas Tech","2022","13","8","5","9.7","Joey","McGuire"
"Army","2022","12","6","6","-3.8","Jeff","Monken"
"Tulsa","2022","12","5","7","-4.7","Philip","Montgomery"
"Akron","2022","12","2","10","-13.8","Joe","Moorhead"
"UConn","2022","13","6","7","-11.2","Jim","Mora"
"Florida","2022","13","6","7","6.4","Billy","Napier"
"Pittsburgh","2022","13","9","4","6.3","Pat","Narduzzi"
"Ball State","2022","12","5","7","-11.6","Mike","Neu"
"Navy","2022","12","4","8","-1.9","Ken","Niumatalolo"
"Colorado State","2022","12","3","9","-17.1","Jay","Norvell"
"Florida State","2022","13","10","3","14.1","Mike","Norvell"
"Arkansas","2022","13","7","6","6.5","Sam","Pittman"
"Virginia Tech","2022","11","3","8","-8.7","Brent","Pry"
"Old Dominion","2022","12","3","9","-9.6","Ricky","Rahne"
"USC","2022","14","11","3","11.4","Lincoln","Riley"
"Charlotte","2022","4","2","2","-18.8","Peter","Rossomando"
"Alabama","2022","13","11","2","21.3","Nick","Saban"
"Colorado","2022","7","1","6","-14.7","Mike","Sanford Jr."
"Texas","2022","13","8","5","17.1","Steve","Sarkisian"
"Louisville","2022","12","7","5","10.6","Scott","Satterfield"
"Rutgers","2022","12","4","8","-7.3","Greg","Schiano"
"South Florida","2022","9","1","8","-12","Jeff","Scott"
"Stanford","2022","12","3","9","-5.1","David","Shaw"
"Memphis","2022","13","7","6","5.4","Ryan","Silverfield"
"BYU","2022","13","8","5","-0.3","Kalani","Sitake"
"Georgia","2022","15","15","0","27","Kirby","Smart"
"Oregon State","2022","13","10","3","14.6","Jonathan","Smith"
"Texas State","2022","12","4","8","-12.8","Jake","Spavital"
"Coastal Carolina","2022","1","0","1","-6.4","Chad","Staggs"
"Middle Tennessee","2022","13","8","5","-7.7","Rick","Stockstill"
"Kentucky","2022","13","7","6","5.5","Mark","Stoops"
"Troy","2022","14","12","2","2.4","Jon","Sumrall"
"Clemson","2022","14","11","3","13.9","Dabo","Swinney"
"Florida Atlantic","2022","12","5","7","-5.9","Willie","Taggart"
"Fresno State","2022","14","10","4","2.4","Jeff","Tedford"
"UTSA","2022","14","11","3","2.7","Jeff","Traylor"
"Michigan State","2022","12","5","7","1.1","Mel","Tucker"
"Oklahoma","2022","13","6","7","10.2","Brent","Venables"
"UAB","2022","13","7","6","-1.1","Bryant","Vincent"
"Utah","2022","14","10","4","16.6","Kyle","Whittingham"
"California","2022","12","4","8","-1.3","Justin","Wilcox"
"Auburn","2022","4","2","2","3.1","Cadillac","Williams"
"Nevada","2022","12","2","10","-17.1","Ken","Wilson"
"South Alabama","2022","13","10","3","1.1","Kane","Wommack"
"Colorado State","2021","12","3","9","-0.5","Steve","Addazio"
"Ohio","2021","12","3","9","-13.8","Tim","Albin"
"Indiana","2021","12","2","10","-6.9","Tom","Allen"
"Utah State","2021","14","11","3","0.4","Blake","Anderson"
"Utah State","2021","0","0","0","0.4","Blake","Anderson"
"Baylor","2021","14","12","2","11.6","Dave","Aranda"
"UNLV","2021","12","2","10","-7.9","Marcus","Arroyo"
"Akron","2021","9","2","7","-22.6","Tom","Arth"
"Boise State","2021","12","7","5","12.4","Andy","Avalos"
"Syracuse","2021","12","5","7","1.1","Dino","Babers"
"South Carolina","2021","13","7","6","0","Shane","Beamer"
"Massachusetts","2021","9","1","8","-19.7","Walt","Bell"
"Illinois","2021","12","5","7","-0.9","Bret","Bielema"
"Rice","2021","12","4","8","-15.6","Mike","Bloomgren"
"Wyoming","2021","13","7","6","-0.4","Craig","Bohl"
"UL Monroe","2021","12","4","8","-14.4","Terry","Bowden"
"San José State","2021","12","5","7","-9.9","Brent","Brennan"
"Purdue","2021","13","9","4","7.9","Jeff","Brohm"
"North Carolina","2021","13","6","7","4.7","Mack","Brown"
"West Virginia","2021","13","6","7","1.1","Neal","Brown"
"Air Force","2021","13","10","3","8.8","Troy","Calhoun"
"Iowa State","2021","13","7","6","10.6","Matt","Campbell"
"South Alabama","2021","0","0","0","-8.6","Steve","Campbell"
"Toledo","2021","13","7","6","0.4","Jason","Candle"
"Temple","2021","12","3","9","-19.7","Rod","Carey"
"Coastal Carolina","2021","13","11","2","2.8","Jamey","Chadwell"
"Wisconsin","2021","13","9","4","14","Paul","Chryst"
"UAB","2021","13","9","4","1","Bill","Clark"
"App State","2021","14","10","4","8","Shawn","Clark"
"Wake Forest","2021","14","11","3","12.5","Dave","Clawson"
"Georgia Tech","2021","12","3","9","-3.6","Geoff","Collins"
"Eastern Michigan","2021","13","7","6","-4.9","Chris","Creighton"
"Oregon","2021","13","10","3","9.9","Mario","Cristobal"
"Texas Tech","2021","5","2","3","-1.7","Sonny","Cumbie"
"Duke","2021","12","3","9","-15.6","David","Cutcliffe"
"LSU","2021","1","0","1","5.4","Brad","Davis"
"Florida International","2021","12","1","11","-27.5","Butch","Davis"
"Ohio State","2021","13","11","2","21","Ryan","Day"
"Fresno State","2021","12","9","3","5.2","Kalen","DeBoer"
"Louisiana","2021","1","1","0","5.7","Michael","Desormeaux"
"Miami","2021","12","7","5","2.9","Manny","Diaz"
"Washington State","2021","6","3","3","4.5","Jake","Dickert"
"UTEP","2021","13","7","6","-6.7","Dana","Dimel"
"NC State","2021","12","9","3","13.5","Dave","Doeren"
"Colorado","2021","12","4","8","-5.8","Karl","Dorrell"
"Missouri","2021","13","6","7","-2.2","Eli","Drinkwitz"
"SMU","2021","12","8","4","6.1","Sonny","Dykes"
"UConn","2021","2","0","2","-21.4","Randy","Edsall"
"Arizona State","2021","13","8","5","8.6","Herm","Edwards"
"Georgia State","2021","13","8","5","-6.6","Shawn","Elliott"
"Iowa","2021","14","10","4","8.6","Kirk","Ferentz"
"Cincinnati","2021","14","13","1","16.9","Luke","Fickell"
"Arizona","2021","12","1","11","-9.2","Jedd","Fisch"
"Texas A&M","2021","12","8","4","12.2","Jimbo","Fisher"
"Northwestern","2021","12","3","9","-7.2","Pat","Fitzgerald"
"Minnesota","2021","13","9","4","6.8","P.J.","Fleck"
"Penn State","2021","13","7","6","14","James","Franklin"
"Notre Dame","2021","1","0","1","16.4","Marcus","Freeman"
"Liberty","2021","13","8","5","3.4","Hugh","Freeze"
"Tulane","2021","12","2","10","-6.6","Willie","Fritz"
"Nebraska","2021","12","3","9","7.3","Scott","Frost"
"Virginia Tech","2021","10","5","5","1.2","Justin","Fuente"
"New Mexico","2021","12","3","9","-15.1","Danny","Gonzales"
"Hawai'i","2021","13","6","7","-7.8","Todd","Graham"
"Washington","2021","3","0","3","2.3","Bob","Gregory"
"Oklahoma State","2021","14","12","2","16.5","Mike","Gundy"
"Boston College","2021","12","6","6","0.9","Jeff","Hafley"
"Troy","2021","1","0","1","-10.4","Brandon","Hall"
"Southern Miss","2021","12","3","9","-19.1","Will","Hall"
"Northern Illinois","2021","14","9","5","-6","Thomas","Hammock"
"Michigan","2021","14","12","2","18.3","Jim","Harbaugh"
"Auburn","2021","13","6","7","7.1","Bryan","Harsin"
"Charlotte","2021","12","5","7","-16.4","Will","Healy"
"USC","2021","2","1","1","0.4","Clay","Helton"
"Western Kentucky","2021","14","9","5","5","Tyson","Helton"
"Tennessee","2021","13","7","6","8","Josh","Heupel"
"San Diego State","2021","14","12","2","5.2","Brady","Hoke"
"Houston","2021","14","12","2","7.7","Dana","Holgorsen"
"Louisiana Tech","2021","12","3","9","-7.8","Skip","Holtz"
"East Carolina","2021","12","7","5","2.8","Mike","Houston"
"Marshall","2021","13","7","6","3.7","Charles","Huff"
"Arkansas State","2021","12","2","10","-16.8","Butch","Jones"
"Notre Dame","2021","12","11","1","16.4","Brian","Kelly"
"UCLA","2021","12","8","4","9.2","Chip","Kelly"
"Ole Miss","2021","13","10","3","12.4","Lane","Kiffin"
"TCU","2021","4","2","2","-2.8","Jerry","Kill"
"Kansas State","2021","13","8","5","8.6","Chris","Klieman"
"Florida","2021","1","1","0","7.2","Greg","Knox"
"Washington","2021","9","4","5","2.3","Jimmy","Lake"
"Vanderbilt","2021","12","2","10","-10.2","Clark","Lea"
"Mississippi State","2021","13","7","6","8.9","Mike","Leach"
"SMU","2021","0","0","0","6.1","Jim","Leavitt"
"Kansas","2021","12","2","10","-14.9","Lance","Leipold"
"Western Michigan","2021","13","8","5","-7","Tim","Lester"
"Kent State","2021","14","7","7","-13.5","Sean","Lewis"
"Troy","2021","11","5","6","-10.4","Chip","Lindsey"
"Buffalo","2021","12","4","8","-14.4","Maurice","Linguist"
"North Texas","2021","13","6","7","-12.1","Seth","Littrell"
"Maryland","2021","13","7","6","-4.8","Mike","Locksley"
"Bowling Green","2021","12","4","8","-17.7","Scot","Loeffler"
"Georgia Southern","2021","4","1","3","-14.9","Chad","Lunsford"
"UCF","2021","13","9","4","0.8","Gus","Malzahn"
"Fresno State","2021","1","1","0","5.2","Lee","Marks"
"Miami (OH)","2021","13","7","6","-1.9","Chuck","Martin"
"New Mexico State","2021","12","2","10","-20.6","Doug","Martin"
"Oregon","2021","1","0","1","9.9","Bryan","McClendon"
"Central Michigan","2021","13","9","4","-5.3","Jim","McElwain"
"Virginia","2021","12","6","6","2.1","Bronco","Mendenhall"
"Massachusetts","2021","3","0","3","-19.7","Alex","Miller"
"Army","2021","13","9","4","4.6","Jeff","Monken"
"Tulsa","2021","13","7","6","-1.1","Philip","Montgomery"
"Florida","2021","11","5","6","7.2","Dan","Mullen"
"Louisiana","2021","13","12","1","5.7","Billy","Napier"
"Pittsburgh","2021","14","11","3","10.8","Pat","Narduzzi"
"Ball State","2021","13","6","7","-7.3","Mike","Neu"
"Navy","2021","12","4","8","-5.5","Ken","Niumatalolo"
"Nevada","2021","12","8","4","6.3","Jay","Norvell"
"Florida State","2021","12","5","7","4","Mike","Norvell"
"LSU","2021","12","6","6","5.4","Ed","Orgeron"
"TCU","2021","8","3","5","-2.8","Gary","Patterson"
"Arkansas","2021","13","9","4","9.7","Sam","Pittman"
"Virginia Tech","2021","3","1","2","1.2","J.C.","Price"
"Old Dominion","2021","13","6","7","-9.2","Ricky","Rahne"
"Oklahoma","2021","12","10","2","9.5","Lincoln","Riley"
"Akron","2021","3","0","3","-22.6","Oscar","Rodriguez"
"Washington State","2021","7","4","3","4.5","Nick","Rolovich"
"Alabama","2021","15","13","2","19.5","Nick","Saban"
"Texas","2021","12","5","7","3.9","Steve","Sarkisian"
"Louisville","2021","13","6","7","8.1","Scott","Satterfield"
"Rutgers","2021","13","5","8","0.4","Greg","Schiano"
"South Florida","2021","12","2","10","-10.5","Jeff","Scott"
"Stanford","2021","12","3","9","-2.7","David","Shaw"
"Memphis","2021","12","6","6","-3","Ryan","Silverfield"
"Miami","2021","0","0","0","2.9","Jess","Simpson"
"BYU","2021","13","10","3","8","Kalani","Sitake"
"Georgia","2021","15","14","1","27.9","Kirby","Smart"
"Oregon State","2021","13","7","6","7.5","Jonathan","Smith"
"UConn","2021","10","1","9","-21.4","Lou","Spanos"
"Texas State","2021","12","4","8","-15.6","Jake","Spavital"
"Middle Tennessee","2021","13","7","6","-8.2","Rick","Stockstill"
"Oklahoma","2021","1","1","0","9.5","Bob","Stoops"
"Kentucky","2021","13","10","3","9","Mark","Stoops"
"Clemson","2021","13","10","3","11.1","Dabo","Swinney"
"Florida Atlantic","2021","12","5","7","-7.6","Willie","Taggart"
"Nevada","2021","1","0","1","6.3","Vai","Taua"
"UTSA","2021","14","12","2","6.4","Jeff","Traylor"
"Michigan State","2021","13","11","2","11.1","Mel","Tucker"
"Texas Tech","2021","8","5","3","-1.7","Matt","Wells"
"Georgia Southern","2021","8","2","6","-14.9","Kevin","Whitley"
"Utah","2021","14","10","4","15.3","Kyle","Whittingham"
"California","2021","12","5","7","3.6","Justin","Wilcox"
"USC","2021","10","3","7","0.4","Donte","Williams"
"South Alabama","2021","12","5","7","-8.6","Kane","Wommack"
"Colorado State","2020","4","1","3","-11.3","Steve","Addazio"
"Indiana","2020","8","6","2","13.2","Tom","Allen"
"Utah State","2020","3","0","3","-19.2","Gary","Andersen"
"Arkansas State","2020","11","4","7","-7.3","Blake","Anderson"
"Baylor","2020","9","2","7","1.8","Dave","Aranda"
"UNLV","2020","6","0","6","-19.2","Marcus","Arroyo"
"Akron","2020","6","1","5","","Tom","Arth"
"Syracuse","2020","11","1","10","","Dino","Babers"
"Massachusetts","2020","4","0","4","-26.2","Walt","Bell"
"Southern Miss","2020","5","2","3","-15","Tim","Billings"
"Rice","2020","5","2","3","-3","Mike","Bloomgren"
"South Carolina","2020","3","0","3","-5.4","Mike","Bobo"
"Wyoming","2020","6","2","4","-0.4","Craig","Bohl"
"San José State","2020","8","7","1","8.6","Brent","Brennan"
"Purdue","2020","6","2","4","-0.4","Jeff","Brohm"
"North Carolina","2020","12","8","4","","Mack","Brown"
"West Virginia","2020","10","6","4","5.9","Neal","Brown"
"Air Force","2020","6","3","3","4.7","Troy","Calhoun"
"Iowa State","2020","12","9","3","14.2","Matt","Campbell"
"South Alabama","2020","11","4","7","-8.5","Steve","Campbell"
"Toledo","2020","6","4","2","","Jason","Candle"
"Temple","2020","7","1","6","","Rod","Carey"
"Coastal Carolina","2020","12","11","1","13.9","Jamey","Chadwell"
"Wisconsin","2020","7","4","3","9.5","Paul","Chryst"
"UAB","2020","9","6","3","4.1","Bill","Clark"
"App State","2020","12","9","3","8","Shawn","Clark"
"Wake Forest","2020","9","4","5","","Dave","Clawson"
"Georgia Tech","2020","10","3","7","","Geoff","Collins"
"Eastern Michigan","2020","6","2","4","","Chris","Creighton"
"Oregon","2020","7","4","3","","Mario","Cristobal"
"Duke","2020","11","2","9","","David","Cutcliffe"
"Florida International","2020","5","0","5","-17.8","Butch","Davis"
"Ohio State","2020","8","7","1","21.6","Ryan","Day"
"Fresno State","2020","6","3","3","-6.7","Kalen","DeBoer"
"Miami","2020","11","8","3","","Manny","Diaz"
"UTEP","2020","8","3","5","-17.2","Dana","Dimel"
"NC State","2020","12","8","4","","Dave","Doeren"
"Colorado","2020","6","4","2","","Karl","Dorrell"
"Missouri","2020","10","5","5","0.2","Eli","Drinkwitz"
"SMU","2020","10","7","3","","Sonny","Dykes"
"UConn","2020","0","0","0","","Randy","Edsall"
"Arizona State","2020","4","2","2","","Herm","Edwards"
"Georgia State","2020","10","6","4","1.9","Shawn","Elliott"
"Iowa","2020","8","6","2","15.9","Kirk","Ferentz"
"Cincinnati","2020","10","9","1","","Luke","Fickell"
"Texas A&M","2020","10","9","1","14.3","Jimbo","Fisher"
"Vanderbilt","2020","1","0","1","-14.4","Todd","Fitch"
"Northwestern","2020","9","7","2","12.2","Pat","Fitzgerald"
"Minnesota","2020","7","3","4","0.1","P.J.","Fleck"
"Penn State","2020","9","4","5","5.3","James","Franklin"
"Liberty","2020","11","10","1","1.7","Hugh","Freeze"
"Tulane","2020","12","6","6","","Willie","Fritz"
"Nebraska","2020","8","3","5","0.5","Scott","Frost"
"Virginia Tech","2020","11","5","6","","Justin","Fuente"
"New Mexico","2020","7","2","5","-11.1","Danny","Gonzales"
"Hawai'i","2020","9","5","4","-3.3","Todd","Graham"
"Oklahoma State","2020","11","8","3","9.6","Mike","Gundy"
"Boston College","2020","11","6","5","","Jeff","Hafley"
"Northern Illinois","2020","6","0","6","","Thomas","Hammock"
"Michigan","2020","6","2","4","-0.6","Jim","Harbaugh"
"Boise State","2020","7","5","2","7.7","Bryan","Harsin"
"Charlotte","2020","6","2","4","-14.8","Will","Healy"
"USC","2020","6","5","1","","Clay","Helton"
"Western Kentucky","2020","12","5","7","-10.2","Tyson","Helton"
"Texas","2020","10","7","3","13.3","Tom","Herman"
"UCF","2020","10","6","4","","Josh","Heupel"
"San Diego State","2020","8","4","4","2.8","Brady","Hoke"
"Houston","2020","8","3","5","","Dana","Holgorsen"
"Marshall","2020","10","7","3","3.9","Doc","Holliday"
"Louisiana Tech","2020","10","5","5","-11.5","Skip","Holtz"
"Southern Miss","2020","1","0","1","-15","Jay","Hopson"
"East Carolina","2020","9","3","6","","Mike","Houston"
"Notre Dame","2020","12","10","2","","Brian","Kelly"
"UCLA","2020","7","3","4","","Chip","Kelly"
"Ole Miss","2020","10","5","5","6.1","Lane","Kiffin"
"Kansas State","2020","10","4","6","1","Chris","Klieman"
"Washington","2020","4","3","1","","Jimmy","Lake"
"Mississippi State","2020","11","4","7","1.6","Mike","Leach"
"Buffalo","2020","7","6","1","","Lance","Leipold"
"Western Michigan","2020","6","4","2","","Tim","Lester"
"Kent State","2020","4","3","1","","Sean","Lewis"
"Troy","2020","11","5","6","4","Chip","Lindsey"
"North Texas","2020","10","4","6","-19.8","Seth","Littrell"
"Maryland","2020","5","2","3","-0.4","Mike","Locksley"
"Bowling Green","2020","5","0","5","","Scot","Loeffler"
"Georgia Southern","2020","13","8","5","1.2","Chad","Lunsford"
"Utah State","2020","3","1","2","-19.2","Frank","Maile"
"Auburn","2020","10","6","4","7.9","Gus","Malzahn"
"Miami (OH)","2020","3","2","1","","Chuck","Martin"
"New Mexico State","2020","2","1","1","","Doug","Martin"
"Vanderbilt","2020","8","0","8","-14.4","Derek","Mason"
"Central Michigan","2020","6","3","3","","Jim","McElwain"
"Virginia","2020","10","5","5","","Bronco","Mendenhall"
"Kansas","2020","9","0","9","-14.6","Les","Miles"
"Army","2020","12","9","3","2.5","Jeff","Monken"
"Tulsa","2020","9","6","3","","Philip","Montgomery"
"Florida","2020","12","8","4","16.2","Dan","Mullen"
"South Carolina","2020","7","2","5","-5.4","Will","Muschamp"
"Louisiana","2020","11","10","1","9","Billy","Napier"
"Pittsburgh","2020","11","6","5","","Pat","Narduzzi"
"Ball State","2020","8","7","1","","Mike","Neu"
"Navy","2020","10","3","7","","Ken","Niumatalolo"
"Nevada","2020","9","7","2","2.1","Jay","Norvell"
"Florida State","2020","9","3","6","","Mike","Norvell"
"LSU","2020","10","5","5","4.2","Ed","Orgeron"
"TCU","2020","10","6","4","7.7","Gary","Patterson"
"Arkansas","2020","10","3","7","3.3","Sam","Pittman"
"Tennessee","2020","10","3","7","-0.3","Jeremy","Pruitt"
"Old Dominion","2020","0","0","0","","Ricky","Rahne"
"Oklahoma","2020","11","9","2","20.2","Lincoln","Riley"
"Washington State","2020","4","1","3","","Nick","Rolovich"
"Alabama","2020","13","13","0","31.1","Nick","Saban"
"Louisville","2020","11","4","7","","Scott","Satterfield"
"Rutgers","2020","9","3","6","-2.7","Greg","Schiano"
"South Florida","2020","9","1","8","","Jeff","Scott"
"Stanford","2020","6","4","2","","David","Shaw"
"Memphis","2020","11","8","3","","Ryan","Silverfield"
"BYU","2020","12","11","1","19.6","Kalani","Sitake"
"Georgia","2020","10","8","2","18.9","Kirby","Smart"
"Oregon State","2020","7","2","5","","Jonathan","Smith"
"Illinois","2020","7","2","5","-7.4","Lovie","Smith"
"Illinois","2020","1","0","1","-7.4","Rod","Smith"
"Ohio","2020","3","2","1","","Frank","Solich"
"Texas State","2020","12","2","10","-8.4","Jake","Spavital"
"Auburn","2020","1","0","1","7.9","Kevin","Steele"
"Middle Tennessee","2020","9","3","6","-13.6","Rick","Stockstill"
"Kentucky","2020","11","5","6","3.9","Mark","Stoops"
"Arizona","2020","5","0","5","","Kevin","Sumlin"
"Clemson","2020","12","10","2","","Dabo","Swinney"
"Florida Atlantic","2020","9","5","4","-8.2","Willie","Taggart"
"UTSA","2020","12","7","5","-3.9","Jeff","Traylor"
"Michigan State","2020","7","2","5","-4.5","Mel","Tucker"
"UL Monroe","2020","10","0","10","-24.5","Matt","Viator"
"Southern Miss","2020","4","1","3","-15","Scotty","Walden"
"Texas Tech","2020","10","4","6","-1.4","Matt","Wells"
"Utah","2020","5","3","2","","Kyle","Whittingham"
"California","2020","4","1","3","","Justin","Wilcox"
"Boston College","2019","12","6","6","-2.9","Steve","Addazio"
"Indiana","2019","13","8","5","6.8","Tom","Allen"
"Utah State","2019","13","7","6","-5.3","Gary","Andersen"
"Arkansas State","2019","13","8","5","-5.6","Blake","Anderson"
"Akron","2019","12","0","12","-34.7","Tom","Arth"
"Rutgers","2019","4","1","3","-16.7","Chris","Ash"
"Syracuse","2019","12","5","7","-6.5","Dino","Babers"
"Massachusetts","2019","12","1","11","-40.6","Walt","Bell"
"Rice","2019","12","3","9","-13.5","Mike","Bloomgren"
"Colorado State","2019","12","4","8","-9.9","Mike","Bobo"
"Wyoming","2019","13","8","5","2.5","Craig","Bohl"
"San José State","2019","12","5","7","-7.5","Brent","Brennan"
"Purdue","2019","12","4","8","-0.5","Jeff","Brohm"
"North Carolina","2019","13","7","6","7.7","Mack","Brown"
"West Virginia","2019","12","5","7","-1.7","Neal","Brown"
"Air Force","2019","13","11","2","10.2","Troy","Calhoun"
"Rutgers","2019","8","1","7","-16.7","Nunzio","Campanile"
"Iowa State","2019","13","7","6","13.6","Matt","Campbell"
"South Alabama","2019","12","2","10","-17.2","Steve","Campbell"
"Toledo","2019","12","6","6","-16.2","Jason","Candle"
"Temple","2019","13","8","5","-2.7","Rod","Carey"
"Coastal Carolina","2019","12","5","7","-11.1","Jamey","Chadwell"
"Wisconsin","2019","14","10","4","19.9","Paul","Chryst"
"UAB","2019","14","9","5","-7.9","Bill","Clark"
"App State","2019","1","1","0","11.5","Shawn","Clark"
"Wake Forest","2019","13","8","5","0.6","Dave","Clawson"
"Georgia Tech","2019","12","3","9","-10.8","Geoff","Collins"
"Eastern Michigan","2019","13","6","7","-9.3","Chris","Creighton"
"Oregon","2019","14","12","2","21","Mario","Cristobal"
"Duke","2019","12","5","7","-2.2","David","Cutcliffe"
"Michigan State","2019","13","7","6","5.1","Mark","Dantonio"
"New Mexico","2019","12","2","10","-17.6","Bob","Davie"
"Florida International","2019","13","6","7","-11.5","Butch","Davis"
"Ohio State","2019","14","13","1","32.8","Ryan","Day"
"Miami","2019","13","6","7","1.1","Manny","Diaz"
"UTEP","2019","12","1","11","-28.1","Dana","Dimel"
"NC State","2019","12","4","8","-12","Dave","Doeren"
"App State","2019","13","12","1","11.5","Eli","Drinkwitz"
"SMU","2019","13","10","3","7.7","Sonny","Dykes"
"UConn","2019","12","2","10","-23.2","Randy","Edsall"
"Arizona State","2019","13","8","5","5.7","Herm","Edwards"
"Georgia State","2019","13","7","6","-10.3","Shawn","Elliott"
"Iowa","2019","13","10","3","15.7","Kirk","Ferentz"
"Cincinnati","2019","14","11","3","8.9","Luke","Fickell"
"Texas A&M","2019","13","8","5","12.1","Jimbo","Fisher"
"Northwestern","2019","12","3","9","-3.2","Pat","Fitzgerald"
"Minnesota","2019","13","11","2","15.2","P.J.","Fleck"
"Penn State","2019","13","11","2","20","James","Franklin"
"Liberty","2019","13","8","5","-6.7","Hugh","Freeze"
"Tulane","2019","13","7","6","4.7","Willie","Fritz"
"Nebraska","2019","12","5","7","3.2","Scott","Frost"
"Virginia Tech","2019","13","8","5","4.5","Justin","Fuente"
"Oklahoma State","2019","13","8","5","10.8","Mike","Gundy"
"Florida State","2019","4","2","2","0.2","Odell","Haggins"
"Northern Illinois","2019","12","5","7","-14.5","Thomas","Hammock"
"Michigan","2019","13","9","4","18.1","Jim","Harbaugh"
"Boise State","2019","14","12","2","8.9","Bryan","Harsin"
"Charlotte","2019","13","7","6","-10.3","Will","Healy"
"USC","2019","13","8","5","9.5","Clay","Helton"
"Western Kentucky","2019","13","9","4","0","Tyson","Helton"
"Texas","2019","13","8","5","16","Tom","Herman"
"UCF","2019","13","10","3","13.3","Josh","Heupel"
"Houston","2019","12","4","8","-0.1","Dana","Holgorsen"
"Marshall","2019","13","8","5","-4.7","Doc","Holliday"
"Louisiana Tech","2019","13","10","3","-2.6","Skip","Holtz"
"Southern Miss","2019","13","7","6","-4.9","Jay","Hopson"
"East Carolina","2019","12","4","8","-15.2","Mike","Houston"
"Arkansas","2019","2","0","2","-7.6","Barry Lunney","Jr."
"Notre Dame","2019","13","11","2","18.8","Brian","Kelly"
"UCLA","2019","12","4","8","-1.5","Chip","Kelly"
"Florida Atlantic","2019","14","11","3","8.1","Lane","Kiffin"
"Kansas State","2019","13","8","5","10.4","Chris","Klieman"
"Washington State","2019","13","6","7","6.7","Mike","Leach"
"Buffalo","2019","13","8","5","-1","Lance","Leipold"
"Western Michigan","2019","13","7","6","-4.5","Tim","Lester"
"Kent State","2019","13","7","6","-7.2","Sean","Lewis"
"Troy","2019","12","5","7","-9.6","Chip","Lindsey"
"North Texas","2019","12","4","8","-11.8","Seth","Littrell"
"Maryland","2019","12","3","9","-5.6","Mike","Locksley"
"Bowling Green","2019","12","3","9","-28.5","Scot","Loeffler"
"San Diego State","2019","13","10","3","1.7","Rocky","Long"
"Ole Miss","2019","12","4","8","6.5","Matt","Luke"
"Georgia Southern","2019","13","7","6","-1","Chad","Lunsford"
"Auburn","2019","13","9","4","22.1","Gus","Malzahn"
"Miami (OH)","2019","14","8","6","-7","Chuck","Martin"
"New Mexico State","2019","12","2","10","-20","Doug","Martin"
"Vanderbilt","2019","12","3","9","-12.6","Derek","Mason"
"Central Michigan","2019","14","8","6","-6.3","Jim","McElwain"
"Virginia","2019","14","9","5","6.3","Bronco","Mendenhall"
"Kansas","2019","12","3","9","-5.1","Les","Miles"
"Army","2019","13","5","8","-5.8","Jeff","Monken"
"Tulsa","2019","12","4","8","-0.1","Philip","Montgomery"
"Mississippi State","2019","13","6","7","5","Joe","Moorhead"
"Arkansas","2019","10","2","8","-7.6","Chad","Morris"
"Florida","2019","13","11","2","19.8","Dan","Mullen"
"South Carolina","2019","12","4","8","2.1","Will","Muschamp"
"Louisiana","2019","14","11","3","7.7","Billy","Napier"
"Pittsburgh","2019","13","8","5","-0.5","Pat","Narduzzi"
"Ball State","2019","12","5","7","-4.9","Mike","Neu"
"Navy","2019","13","11","2","12.9","Ken","Niumatalolo"
"Nevada","2019","13","7","6","-12.6","Jay","Norvell"
"Memphis","2019","14","12","2","14.4","Mike","Norvell"
"Missouri","2019","12","6","6","4.4","Barry","Odom"
"LSU","2019","15","15","0","34.2","Ed","Orgeron"
"TCU","2019","12","5","7","9.6","Gary","Patterson"
"Washington","2019","13","8","5","15.6","Chris","Petersen"
"Tennessee","2019","13","8","5","3.5","Jeremy","Pruitt"
"Baylor","2019","14","11","3","14.7","Matt","Rhule"
"Oklahoma","2019","14","12","2","20.1","Lincoln","Riley"
"Hawai'i","2019","15","10","5","-2.3","Nick","Rolovich"
"Alabama","2019","13","11","2","28.8","Nick","Saban"
"UNLV","2019","12","4","8","-16.5","Tony","Sanchez"
"Louisville","2019","13","8","5","0.1","Scott","Satterfield"
"Stanford","2019","12","4","8","-1.9","David","Shaw"
"BYU","2019","13","7","6","-1","Kalani","Sitake"
"Georgia","2019","14","12","2","21.7","Kirby","Smart"
"Oregon State","2019","12","5","7","3","Jonathan","Smith"
"Illinois","2019","13","6","7","-0.4","Lovie","Smith"
"Ohio","2019","13","7","6","-4.7","Frank","Solich"
"Texas State","2019","12","3","9","-18.8","Jake","Spavital"
"Middle Tennessee","2019","12","4","8","-7.6","Rick","Stockstill"
"Kentucky","2019","13","8","5","5.6","Mark","Stoops"
"South Florida","2019","12","4","8","-8.3","Charlie","Strong"
"Arizona","2019","12","4","8","-5.4","Kevin","Sumlin"
"Clemson","2019","15","14","1","28.6","Dabo","Swinney"
"Florida State","2019","9","4","5","0.2","Willie","Taggart"
"Fresno State","2019","12","4","8","-4.6","Jeff","Tedford"
"Colorado","2019","12","5","7","-2.2","Mel","Tucker"
"UL Monroe","2019","12","5","7","-9","Matt","Viator"
"Texas Tech","2019","12","4","8","2.3","Matt","Wells"
"Utah","2019","14","11","3","18.8","Kyle","Whittingham"
"California","2019","13","8","5","4.2","Justin","Wilcox"
"Old Dominion","2019","12","1","11","-19.8","Bobby","Wilder"
"UTSA","2019","12","4","8","-21.1","Frank","Wilson"
"Boston College","2018","12","7","5","5.3","Steve","Addazio"
"Indiana","2018","12","5","7","1.5","Tom","Allen"
"Arkansas State","2018","13","8","5","-2.8","Blake","Anderson"
"Houston","2018","13","8","5","-1.1","Major","Applewhite"
"Rutgers","2018","12","1","11","-12.9","Chris","Ash"
"Syracuse","2018","13","10","3","12.1","Dino","Babers"
"Kansas","2018","12","3","9","-1.2","David","Beaty"
"East Carolina","2018","1","0","1","-15.7","David","Blackwell"
"Rice","2018","13","2","11","-24","Mike","Bloomgren"
"Colorado State","2018","12","3","9","-14.9","Mike","Bobo"
"Wyoming","2018","12","6","6","-2.4","Craig","Bohl"
"Central Michigan","2018","12","1","11","-18.9","John","Bonamego"
"Akron","2018","12","4","8","-14.5","Terry","Bowden"
"San José State","2018","12","1","11","-14.1","Brent","Brennan"
"Purdue","2018","13","6","7","7.6","Jeff","Brohm"
"Troy","2018","13","10","3","-1.4","Neal","Brown"
"Air Force","2018","12","5","7","-1.8","Troy","Calhoun"
"Iowa State","2018","13","8","5","11.4","Matt","Campbell"
"South Alabama","2018","12","3","9","-22.1","Steve","Campbell"
"Maryland","2018","12","5","7","4","Matt","Canada"
"Toledo","2018","13","7","6","-1.6","Jason","Candle"
"Northern Illinois","2018","14","8","6","-4.5","Rod","Carey"
"Wisconsin","2018","13","8","5","8.8","Paul","Chryst"
"UAB","2018","14","11","3","0.6","Bill","Clark"
"Wake Forest","2018","13","7","6","0.8","Dave","Clawson"
"Temple","2018","12","8","4","3.7","Geoff","Collins"
"Eastern Michigan","2018","13","7","6","-3.4","Chris","Creighton"
"Oregon","2018","13","9","4","5.2","Mario","Cristobal"
"Duke","2018","13","8","5","6.4","David","Cutcliffe"
"Michigan State","2018","13","7","6","6.2","Mark","Dantonio"
"New Mexico","2018","12","3","9","-15.4","Bob","Davie"
"Florida International","2018","13","9","4","-3.4","Butch","Davis"
"Ohio State","2018","3","3","0","18.1","Ryan","Day"
"UTEP","2018","12","1","11","-24.7","Dana","Dimel"
"NC State","2018","13","9","4","7.9","Dave","Doeren"
"SMU","2018","12","5","7","-9.4","Sonny","Dykes"
"UConn","2018","12","1","11","-27.9","Randy","Edsall"
"Arizona State","2018","13","7","6","4.4","Herm","Edwards"
"Georgia State","2018","12","2","10","-19.4","Shawn","Elliott"
"North Carolina","2018","11","2","9","-6.5","Larry","Fedora"
"Iowa","2018","13","9","4","15.4","Kirk","Ferentz"
"Cincinnati","2018","13","11","2","7.3","Luke","Fickell"
"Texas A&M","2018","13","9","4","17.9","Jimbo","Fisher"
"Northwestern","2018","14","9","5","6.3","Pat","Fitzgerald"
"Minnesota","2018","13","7","6","5.5","P.J.","Fleck"
"Temple","2018","1","0","1","3.7","Ed","Foley"
"Penn State","2018","13","9","4","14.9","James","Franklin"
"Tulane","2018","13","7","6","-5.4","Willie","Fritz"
"Nebraska","2018","12","4","8","2.5","Scott","Frost"
"Virginia Tech","2018","13","6","7","-2.6","Justin","Fuente"
"Liberty","2018","12","6","6","-10.3","Turner","Gill"
"Oklahoma State","2018","13","7","6","9.6","Mike","Gundy"
"Michigan","2018","13","10","3","19","Jim","Harbaugh"
"Boise State","2018","13","10","3","9.3","Bryan","Harsin"
"USC","2018","12","5","7","1.3","Clay","Helton"
"Texas","2018","14","10","4","12.1","Tom","Herman"
"UCF","2018","13","12","1","14.9","Josh","Heupel"
"West Virginia","2018","12","8","4","17.9","Dana","Holgorsen"
"Marshall","2018","13","9","4","-1.6","Doc","Holliday"
"Louisiana Tech","2018","13","8","5","-7.9","Skip","Holtz"
"Southern Miss","2018","11","6","5","-6.8","Jay","Hopson"
"App State","2018","1","1","0","10.7","Mark","Ivey"
"Bowling Green","2018","7","1","6","-21","Mike","Jinks"
"Georgia Tech","2018","13","7","6","3.4","Paul","Johnson"
"Notre Dame","2018","13","12","1","17.7","Brian","Kelly"
"UCLA","2018","12","3","9","-4","Chip","Kelly"
"Florida Atlantic","2018","12","5","7","-4","Lane","Kiffin"
"Texas Tech","2018","12","5","7","7.3","Kliff","Kingsbury"
"Charlotte","2018","12","5","7","-12.2","Brad","Lambert"
"Washington State","2018","13","11","2","12.9","Mike","Leach"
"Buffalo","2018","14","10","4","0.5","Lance","Leipold"
"Western Michigan","2018","13","7","6","-10.3","Tim","Lester"
"Kent State","2018","12","2","10","-19.4","Sean","Lewis"
"North Texas","2018","13","9","4","-2.3","Seth","Littrell"
"San Diego State","2018","13","7","6","-4.8","Rocky","Long"
"Ole Miss","2018","12","5","7","3.5","Matt","Luke"
"Georgia Southern","2018","13","10","3","-0.4","Chad","Lunsford"
"Colorado","2018","11","5","6","-2.4","Mike","MacIntyre"
"Utah State","2018","1","1","0","13.9","Frank","Maile"
"Auburn","2018","13","8","5","15","Gus","Malzahn"
"Miami (OH)","2018","12","6","6","-2.2","Chuck","Martin"
"New Mexico State","2018","12","3","9","-21.7","Doug","Martin"
"Vanderbilt","2018","13","6","7","9.9","Derek","Mason"
"Virginia","2018","13","8","5","7.6","Bronco","Mendenhall"
"Ohio State","2018","11","10","1","18.1","Urban","Meyer"
"Coastal Carolina","2018","12","5","7","-15.9","Joe","Moglia"
"Army","2018","13","11","2","9.5","Jeff","Monken"
"Tulsa","2018","12","3","9","-12","Philip","Montgomery"
"East Carolina","2018","11","3","8","-15.7","Scottie","Montgomery"
"Mississippi State","2018","13","8","5","19.8","Joe","Moorhead"
"Arkansas","2018","12","2","10","-7.2","Chad","Morris"
"Florida","2018","13","10","3","19.3","Dan","Mullen"
"South Carolina","2018","13","7","6","9.7","Will","Muschamp"
"Louisiana","2018","14","7","7","-7.4","Billy","Napier"
"Pittsburgh","2018","14","7","7","5.8","Pat","Narduzzi"
"Ball State","2018","12","4","8","-16.4","Mike","Neu"
"Navy","2018","13","3","10","-9.7","Ken","Niumatalolo"
"Nevada","2018","13","8","5","-3.9","Jay","Norvell"
"Memphis","2018","14","8","6","1.2","Mike","Norvell"
"Missouri","2018","13","8","5","18.9","Barry","Odom"
"LSU","2018","13","10","3","18.3","Ed","Orgeron"
"TCU","2018","13","7","6","4.3","Gary","Patterson"
"Bowling Green","2018","5","2","3","-21","Carl","Pelini"
"Washington","2018","14","10","4","12.2","Chris","Petersen"
"Western Kentucky","2018","10","2","8","-15.2","Bobby","Petrino"
"Tennessee","2018","12","5","7","0.9","Jeremy","Pruitt"
"Baylor","2018","13","7","6","2.6","Matt","Rhule"
"Miami","2018","13","7","6","6.9","Mark","Richt"
"Oklahoma","2018","14","12","2","21.4","Lincoln","Riley"
"Hawai'i","2018","14","8","6","-10.1","Nick","Rolovich"
"Colorado","2018","1","0","1","-2.4","Kurt","Roper"
"Alabama","2018","15","14","1","33.5","Nick","Saban"
"UNLV","2018","12","4","8","-14.7","Tony","Sanchez"
"Western Kentucky","2018","12","3","9","-15.2","Mike","Sanford Jr."
"App State","2018","12","10","2","10.7","Scott","Satterfield"
"Stanford","2018","13","9","4","8.3","David","Shaw"
"BYU","2018","13","7","6","3.2","Kalani","Sitake"
"Georgia","2018","14","11","3","26.3","Kirby","Smart"
"Oregon State","2018","12","2","10","-16","Jonathan","Smith"
"Illinois","2018","12","4","8","-10.5","Lovie","Smith"
"Kansas State","2018","12","5","7","3.9","Bill","Snyder"
"Ohio","2018","13","9","4","7.4","Frank","Solich"
"Middle Tennessee","2018","14","8","6","-0.9","Rick","Stockstill"
"Kentucky","2018","13","10","3","14.7","Mark","Stoops"
"South Florida","2018","13","7","6","-11","Charlie","Strong"
"Arizona","2018","12","5","7","-2.8","Kevin","Sumlin"
"Clemson","2018","15","15","0","32.7","Dabo","Swinney"
"Florida State","2018","12","5","7","-2.8","Willie","Taggart"
"Fresno State","2018","14","12","2","12.8","Jeff","Tedford"
"UL Monroe","2018","12","6","6","-10.9","Matt","Viator"
"Louisville","2018","2","0","2","-15.4","Lorenzo","Ward"
"Utah State","2018","12","10","2","13.9","Matt","Wells"
"Massachusetts","2018","12","4","8","-18.4","Mark","Whipple"
"Utah","2018","14","9","5","10.6","Kyle","Whittingham"
"California","2018","13","7","6","0.3","Justin","Wilcox"
"Old Dominion","2018","12","4","8","-18.9","Bobby","Wilder"
"UTSA","2018","12","3","9","-21.8","Frank","Wilson"
"Texas State","2018","11","3","8","-19.8","Everett","Withers"
"Texas State","2018","1","0","1","-19.8","Chris","Woods"
"Boston College","2017","13","7","6","11.2","Steve","Addazio"
"Indiana","2017","12","5","7","6","Tom","Allen"
"Oregon State","2017","6","1","5","-16.5","Gary","Andersen"
"Arkansas State","2017","12","7","5","-2.9","Blake","Anderson"
"Houston","2017","12","7","5","2.7","Major","Applewhite"
"Rutgers","2017","12","4","8","-6.1","Chris","Ash"
"Syracuse","2017","12","4","8","1","Dino","Babers"
"Rice","2017","12","1","11","-24.4","David","Bailiff"
"Texas A&M","2017","1","0","1","5.4","Jeff","Banks"
"Kansas","2017","12","1","11","-17.4","David","Beaty"
"Arkansas","2017","12","4","8","-4.7","Bret","Bielema"
"Colorado State","2017","13","7","6","-2.6","Mike","Bobo"
"Wyoming","2017","13","8","5","-2.3","Craig","Bohl"
"Central Michigan","2017","13","8","5","-5.6","John","Bonamego"
"Akron","2017","14","7","7","-8.9","Terry","Bowden"
"San José State","2017","13","2","11","-26.7","Brent","Brennan"
"Purdue","2017","13","7","6","10.8","Jeff","Brohm"
"Troy","2017","13","11","2","1.2","Neal","Brown"
"Air Force","2017","12","5","7","-7.8","Troy","Calhoun"
"Iowa State","2017","13","8","5","14.3","Matt","Campbell"
"Toledo","2017","14","11","3","3.8","Jason","Candle"
"Northern Illinois","2017","13","8","5","-0.1","Rod","Carey"
"Coastal Carolina","2017","12","3","9","-17.4","Jamey","Chadwell"
"Wisconsin","2017","14","13","1","24.7","Paul","Chryst"
"UAB","2017","13","8","5","-13.6","Bill","Clark"
"Wake Forest","2017","13","8","5","13.8","Dave","Clawson"
"Temple","2017","13","7","6","-1.6","Geoff","Collins"
"Eastern Michigan","2017","12","5","7","-4.2","Chris","Creighton"
"Duke","2017","13","7","6","8.3","David","Cutcliffe"
"Michigan State","2017","13","10","3","12.8","Mark","Dantonio"
"New Mexico","2017","12","3","9","-16.2","Bob","Davie"
"Florida International","2017","13","8","5","-10.9","Butch","Davis"
"NC State","2017","13","9","4","13.7","Dave","Doeren"
"Maryland","2017","12","4","8","-0.8","D.J.","Durkin"
"UConn","2017","12","3","9","-13.5","Randy","Edsall"
"Georgia State","2017","12","7","5","-12.6","Shawn","Elliott"
"North Carolina","2017","12","3","9","-2.3","Larry","Fedora"
"Iowa","2017","13","8","5","16.3","Kirk","Ferentz"
"Cincinnati","2017","12","4","8","-12.6","Luke","Fickell"
"UCLA","2017","2","1","1","0.8","Jedd","Fisch"
"Florida State","2017","11","5","6","10.1","Jimbo","Fisher"
"Northwestern","2017","13","10","3","13.1","Pat","Fitzgerald"
"Minnesota","2017","12","5","7","2.8","P.J.","Fleck"
"Penn State","2017","13","11","2","25.6","James","Franklin"
"Tulane","2017","12","5","7","-3.6","Willie","Fritz"
"UCF","2017","13","13","0","20.7","Scott","Frost"
"Virginia Tech","2017","13","9","4","14.8","Justin","Fuente"
"Arizona State","2017","13","7","6","2.6","Todd","Graham"
"Oklahoma State","2017","13","10","3","18.4","Mike","Gundy"
"Florida State","2017","2","2","0","10.1","Odell","Haggins"
"Oregon State","2017","6","0","6","-16.5","Cory","Hall"
"Michigan","2017","13","8","5","12.9","Jim","Harbaugh"
"Boise State","2017","14","11","3","7.7","Bryan","Harsin"
"Kent State","2017","12","2","10","-22.7","Paul","Haynes"
"USC","2017","14","11","3","11.9","Clay","Helton"
"Texas","2017","13","7","6","11.1","Tom","Herman"
"Tennessee","2017","2","0","2","-7.3","Brady","Hoke"
"West Virginia","2017","13","7","6","6.5","Dana","Holgorsen"
"Marshall","2017","13","8","5","-2.7","Doc","Holliday"
"Louisiana Tech","2017","13","7","6","-5.3","Skip","Holtz"
"Southern Miss","2017","13","8","5","-9.7","Jay","Hopson"
"Louisiana","2017","12","5","7","-20","Mark","Hudspeth"
"Bowling Green","2017","12","2","10","-14.3","Mike","Jinks"
"Georgia Tech","2017","11","5","6","8.7","Paul","Johnson"
"Tennessee","2017","10","4","6","-7.3","Butch","Jones"
"South Alabama","2017","12","4","8","-16.3","Joey","Jones"
"Notre Dame","2017","13","10","3","22","Brian","Kelly"
"Florida Atlantic","2017","14","11","3","9.5","Lane","Kiffin"
"Texas Tech","2017","13","6","7","4.8","Kliff","Kingsbury"
"Mississippi State","2017","1","1","0","14.1","Greg","Knox"
"UTEP","2017","5","0","5","-28.9","Sean","Kugler"
"Charlotte","2017","12","1","11","-25.4","Brad","Lambert"
"Washington State","2017","13","9","4","6.6","Mike","Leach"
"Buffalo","2017","12","6","6","-4.3","Lance","Leipold"
"Western Michigan","2017","12","6","6","-4.4","Tim","Lester"
"North Texas","2017","14","9","5","-8.2","Seth","Littrell"
"San Diego State","2017","13","10","3","3.1","Rocky","Long"
"Ole Miss","2017","12","6","6","1.6","Matt","Luke"
"Georgia Southern","2017","6","2","4","-17.4","Chad","Lunsford"
"Colorado","2017","12","5","7","-2.8","Mike","MacIntyre"
"Auburn","2017","14","10","4","23.6","Gus","Malzahn"
"Miami (OH)","2017","12","5","7","-8.4","Chuck","Martin"
"New Mexico State","2017","13","7","6","-11.2","Doug","Martin"
"Vanderbilt","2017","12","5","7","-5.1","Derek","Mason"
"Florida","2017","7","3","4","-0.9","Jim","McElwain"
"Virginia","2017","13","6","7","-0.8","Bronco","Mendenhall"
"Ohio State","2017","14","12","2","25.6","Urban","Meyer"
"Army","2017","13","10","3","0.9","Jeff","Monken"
"Tulsa","2017","12","2","10","-8.7","Philip","Montgomery"
"East Carolina","2017","12","3","9","-14.8","Scottie","Montgomery"
"UCLA","2017","11","5","6","0.8","Jim","Mora"
"SMU","2017","13","7","6","-2","Chad","Morris"
"Mississippi State","2017","12","8","4","14.1","Dan","Mullen"
"South Carolina","2017","13","9","4","7.3","Will","Muschamp"
"Pittsburgh","2017","12","5","7","3.9","Pat","Narduzzi"
"Ball State","2017","12","2","10","-27.9","Mike","Neu"
"Navy","2017","13","7","6","6.1","Ken","Niumatalolo"
"Nevada","2017","12","3","9","-9.2","Jay","Norvell"
"Memphis","2017","13","10","3","10.5","Mike","Norvell"
"Missouri","2017","13","7","6","5.3","Barry","Odom"
"LSU","2017","13","9","4","12.1","Ed","Orgeron"
"TCU","2017","14","11","3","16.8","Gary","Patterson"
"Washington","2017","13","10","3","20.1","Chris","Petersen"
"Louisville","2017","13","8","5","13.3","Bobby","Petrino"
"Idaho","2017","12","4","8","-14.9","Paul","Petrino"
"UTEP","2017","7","0","7","-28.9","Mike","Price"
"Baylor","2017","12","1","11","-4.2","Matt","Rhule"
"Miami","2017","13","10","3","15.8","Mark","Richt"
"Oklahoma","2017","14","12","2","22.7","Lincoln","Riley"
"Nebraska","2017","12","4","8","-0.9","Mike","Riley"
"Arizona","2017","13","7","6","3.4","Rich","Rodriguez"
"Hawai'i","2017","12","3","9","-20.3","Nick","Rolovich"
"Alabama","2017","14","13","1","26.3","Nick","Saban"
"UNLV","2017","12","5","7","-9.9","Tony","Sanchez"
"Western Kentucky","2017","13","6","7","-15","Mike","Sanford Jr."
"App State","2017","13","9","4","1.6","Scott","Satterfield"
"Florida","2017","4","1","3","-0.9","Randy","Shannon"
"Stanford","2017","14","9","5","12.5","David","Shaw"
"BYU","2017","13","4","9","-10.6","Kalani","Sitake"
"Georgia","2017","15","13","2","27","Kirby","Smart"
"Illinois","2017","12","2","10","-11.4","Lovie","Smith"
"Kansas State","2017","13","8","5","7.3","Bill","Snyder"
"Ohio","2017","13","9","4","2.8","Frank","Solich"
"Middle Tennessee","2017","13","7","6","-8.8","Rick","Stockstill"
"Kentucky","2017","13","7","6","0.5","Mark","Stoops"
"South Florida","2017","12","10","2","8.9","Charlie","Strong"
"Texas A&M","2017","12","7","5","5.4","Kevin","Sumlin"
"Georgia Southern","2017","6","0","6","-17.4","Tyson","Summers"
"Clemson","2017","14","12","2","25.9","Dabo","Swinney"
"Oregon","2017","13","7","6","4.6","Willie","Taggart"
"Fresno State","2017","14","10","4","3.3","Jeff","Tedford"
"UL Monroe","2017","12","4","8","-12.7","Matt","Viator"
"Utah State","2017","13","6","7","-5.2","Matt","Wells"
"Massachusetts","2017","12","4","8","-10.3","Mark","Whipple"
"Utah","2017","13","7","6","7.3","Kyle","Whittingham"
"California","2017","12","5","7","1.9","Justin","Wilcox"
"Old Dominion","2017","12","5","7","-20.6","Bobby","Wilder"
"UTSA","2017","11","6","5","-9","Frank","Wilson"
"Texas State","2017","12","2","10","-25","Everett","Withers"
"Boston College","2016","13","7","6","-2.4","Steve","Addazio"
"Indiana","2016","1","0","1","1","Tom","Allen"
"Oregon State","2016","12","4","8","1.6","Gary","Andersen"
"Arkansas State","2016","13","8","5","-1.2","Blake","Anderson"
"Houston","2016","1","0","1","5.4","Major","Applewhite"
"Rutgers","2016","12","2","10","-10.9","Chris","Ash"
"Syracuse","2016","12","4","8","-6.9","Dino","Babers"
"Rice","2016","12","3","9","-20.6","David","Bailiff"
"Kansas","2016","12","2","10","-15.7","David","Beaty"
"Arkansas","2016","13","7","6","4.2","Bret","Bielema"
"Colorado State","2016","13","7","6","1.2","Mike","Bobo"
"Wyoming","2016","14","8","6","-1.9","Craig","Bohl"
"Central Michigan","2016","13","6","7","-9.1","John","Bonamego"
"Akron","2016","12","5","7","-11.6","Terry","Bowden"
"Western Kentucky","2016","13","10","3","10.1","Jeff","Brohm"
"Troy","2016","13","10","3","1.6","Neal","Brown"
"Air Force","2016","13","10","3","1.2","Troy","Calhoun"
"Iowa State","2016","12","3","9","-1.7","Matt","Campbell"
"Toledo","2016","13","9","4","5","Jason","Candle"
"San José State","2016","12","4","8","-17.2","Ron","Caragher"
"Northern Illinois","2016","12","5","7","-3.2","Rod","Carey"
"Wisconsin","2016","14","11","3","17.9","Paul","Chryst"
"Minnesota","2016","13","9","4","9","Tracy","Claeys"
"Wake Forest","2016","13","7","6","0.2","Dave","Clawson"
"Eastern Michigan","2016","13","7","6","-8.7","Chris","Creighton"
"Duke","2016","12","4","8","-1","David","Cutcliffe"
"Michigan State","2016","12","3","9","1.1","Mark","Dantonio"
"New Mexico","2016","13","9","4","-5.3","Bob","Davie"
"Fresno State","2016","8","1","7","-20.5","Tim","DeRuyter"
"UConn","2016","12","3","9","-17.5","Bob","Diaco"
"NC State","2016","13","7","6","7.6","Dave","Doeren"
"Maryland","2016","13","6","7","-0.8","D.J.","Durkin"
"California","2016","12","5","7","2","Sonny","Dykes"
"North Carolina","2016","13","8","5","10.2","Larry","Fedora"
"Iowa","2016","13","8","5","11","Kirk","Ferentz"
"Florida State","2016","13","10","3","17.5","Jimbo","Fisher"
"Northwestern","2016","13","7","6","9.9","Pat","Fitzgerald"
"Western Michigan","2016","14","13","1","13.5","P.J.","Fleck"
"Penn State","2016","14","11","3","17.5","James","Franklin"
"Ole Miss","2016","12","5","7","6.1","Hugh","Freeze"
"Tulane","2016","12","4","8","-10.3","Willie","Fritz"
"UCF","2016","13","6","7","-1.2","Scott","Frost"
"Virginia Tech","2016","14","10","4","15","Justin","Fuente"
"Arizona State","2016","12","5","7","-2.1","Todd","Graham"
"Baylor","2016","13","7","6","3.9","Jim","Grobe"
"Oklahoma State","2016","13","10","3","12.4","Mike","Gundy"
"Michigan","2016","13","10","3","24.1","Jim","Harbaugh"
"Boise State","2016","13","10","3","6.9","Bryan","Harsin"
"Kent State","2016","12","3","9","-10.5","Paul","Haynes"
"Purdue","2016","6","3","3","-12.7","Darrell","Hazell"
"Oregon","2016","12","4","8","2.2","Mark","Helfrich"
"USC","2016","13","10","3","19.4","Clay","Helton"
"Houston","2016","12","9","3","5.4","Tom","Herman"
"West Virginia","2016","13","10","3","10.4","Dana","Holgorsen"
"Marshall","2016","12","3","9","-20","Doc","Holliday"
"Louisiana Tech","2016","14","9","5","1.5","Skip","Holtz"
"Southern Miss","2016","13","7","6","-8.8","Jay","Hopson"
"Louisiana","2016","13","6","7","-9.8","Mark","Hudspeth"
"Bowling Green","2016","12","4","8","-12.7","Mike","Jinks"
"Georgia Tech","2016","13","9","4","7.3","Paul","Johnson"
"Tennessee","2016","13","9","4","10.4","Butch","Jones"
"South Alabama","2016","13","6","7","-10","Joey","Jones"
"Notre Dame","2016","12","4","8","6.4","Brian","Kelly"
"Fresno State","2016","4","0","4","-20.5","Eric","Kiesau"
"Texas Tech","2016","12","5","7","1","Kliff","Kingsbury"
"UTEP","2016","12","4","8","-21.3","Sean","Kugler"
"Charlotte","2016","12","4","8","-19.6","Brad","Lambert"
"Georgia State","2016","2","1","1","-14.6","Tim","Lappano"
"Washington State","2016","13","8","5","15.5","Mike","Leach"
"Buffalo","2016","12","2","10","-22.8","Lance","Leipold"
"North Texas","2016","13","5","8","-16.5","Seth","Littrell"
"San Diego State","2016","14","11","3","5.4","Rocky","Long"
"Colorado","2016","14","10","4","15.3","Mike","MacIntyre"
"Auburn","2016","13","8","5","16.8","Gus","Malzahn"
"Miami (OH)","2016","13","6","7","-7.1","Chuck","Martin"
"New Mexico State","2016","12","3","9","-18.6","Doug","Martin"
"Vanderbilt","2016","13","6","7","2.6","Derek","Mason"
"Florida","2016","13","9","4","12.4","Jim","McElwain"
"Virginia","2016","12","2","10","-5.4","Bronco","Mendenhall"
"Ohio State","2016","13","11","2","23.3","Urban","Meyer"
"LSU","2016","4","2","2","21.2","Les","Miles"
"Georgia State","2016","10","1","8","-14.6","Trent","Miles"
"Army","2016","13","8","5","-5.2","Jeff","Monken"
"Tulsa","2016","13","10","3","5.9","Philip","Montgomery"
"East Carolina","2016","12","3","9","-13.2","Scottie","Montgomery"
"UCLA","2016","12","4","8","3.4","Jim","Mora"
"SMU","2016","12","5","7","-8.3","Chad","Morris"
"Mississippi State","2016","13","6","7","3.5","Dan","Mullen"
"South Carolina","2016","13","6","7","-2.8","Will","Muschamp"
"Pittsburgh","2016","13","8","5","10.6","Pat","Narduzzi"
"Ball State","2016","12","4","8","-12.2","Mike","Neu"
"Navy","2016","14","9","5","2.5","Ken","Niumatalolo"
"Memphis","2016","13","8","5","4","Mike","Norvell"
"Missouri","2016","12","4","8","-3.6","Barry","Odom"
"LSU","2016","8","6","2","21.2","Ed","Orgeron"
"Purdue","2016","6","0","6","-12.7","Gerad","Parker"
"Florida Atlantic","2016","12","3","9","-20","Charlie","Partridge"
"TCU","2016","13","6","7","4.3","Gary","Patterson"
"Washington","2016","14","12","2","27.3","Chris","Petersen"
"Louisville","2016","13","9","4","17.3","Bobby","Petrino"
"Idaho","2016","13","9","4","-4.1","Paul","Petrino"
"Nevada","2016","12","5","7","-13.7","Brian","Polian"
"Temple","2016","13","10","3","7.8","Matt","Rhule"
"Miami","2016","13","9","4","16.8","Mark","Richt"
"Nebraska","2016","13","9","4","6.9","Mike","Riley"
"Arizona","2016","12","3","9","-4.9","Rich","Rodriguez"
"Hawai'i","2016","14","7","7","-11.4","Nick","Rolovich"
"Alabama","2016","15","14","1","33.6","Nick","Saban"
"UNLV","2016","12","4","8","-15.3","Tony","Sanchez"
"App State","2016","13","10","3","5","Scott","Satterfield"
"Stanford","2016","13","10","3","12.7","David","Shaw"
"BYU","2016","13","9","4","7.3","Kalani","Sitake"
"Georgia","2016","13","8","5","4.7","Kirby","Smart"
"Illinois","2016","12","3","9","-10.1","Lovie","Smith"
"Kansas State","2016","13","9","4","9.7","Bill","Snyder"
"Ohio","2016","14","8","6","-4.6","Frank","Solich"
"Middle Tennessee","2016","13","8","5","-9.4","Rick","Stockstill"
"Oklahoma","2016","13","11","2","17.2","Bob","Stoops"
"Kentucky","2016","13","7","6","0.3","Mark","Stoops"
"Texas","2016","12","5","7","2.6","Charlie","Strong"
"Texas A&M","2016","13","8","5","11.5","Kevin","Sumlin"
"Georgia Southern","2016","12","5","7","-7.8","Tyson","Summers"
"Clemson","2016","15","14","1","25.3","Dabo","Swinney"
"South Florida","2016","12","10","2","7.2","Willie","Taggart"
"Cincinnati","2016","12","4","8","-11.7","Tommy","Tuberville"
"Florida International","2016","4","0","4","-19.1","Ron","Turner"
"UL Monroe","2016","12","4","8","-19.6","Matt","Viator"
"Utah State","2016","12","3","9","-9.3","Matt","Wells"
"Massachusetts","2016","12","2","10","-17","Mark","Whipple"
"Utah","2016","13","9","4","9.2","Kyle","Whittingham"
"Old Dominion","2016","13","10","3","-4.2","Bobby","Wilder"
"UTSA","2016","13","6","7","-7.3","Frank","Wilson"
"Indiana","2016","12","6","6","1","Kevin","Wilson"
"Texas State","2016","12","2","10","-29.2","Everett","Withers"
"Boston College","2015","12","3","9","-0.1","Steve","Addazio"
"Oregon State","2015","12","2","10","-10.8","Gary","Andersen"
"Arkansas State","2015","13","9","4","-3.2","Blake","Anderson"
"Bowling Green","2015","13","10","3","8.5","Dino","Babers"
"Rice","2015","12","5","7","-18","David","Bailiff"
"Virginia Tech","2015","13","7","6","6.9","Frank","Beamer"
"Kansas","2015","12","0","12","-18.8","David","Beaty"
"UL Monroe","2015","12","2","11","-25","Todd","Berry"
"Arkansas","2015","13","8","5","15.1","Bret","Bielema"
"Colorado State","2015","13","7","6","-8.5","Mike","Bobo"
"Wyoming","2015","12","2","10","-18.9","Craig","Bohl"
"Central Michigan","2015","13","7","6","-0.2","John","Bonamego"
"Akron","2015","13","8","5","-5.4","Terry","Bowden"
"Baylor","2015","13","10","3","17.8","Art","Briles"
"Western Kentucky","2015","14","12","2","9.7","Jeff","Brohm"
"Troy","2015","12","4","8","-9.9","Neal","Brown"
"Air Force","2015","14","8","6","0.2","Troy","Calhoun"
"Toledo","2015","11","9","2","10.2","Matt","Campbell"
"Toledo","2015","1","1","0","10.2","Jason","Candle"
"San José State","2015","13","6","7","-6.9","Ron","Caragher"
"Northern Illinois","2015","14","8","6","-0.1","Rod","Carey"
"Hawai'i","2015","9","2","7","-21.7","Norm","Chow"
"Wisconsin","2015","13","10","3","10","Paul","Chryst"
"Minnesota","2015","6","2","4","0.2","Tracy","Claeys"
"Wake Forest","2015","12","3","9","-3.5","Dave","Clawson"
"UTSA","2015","12","3","9","-18.9","Larry","Coker"
"Eastern Michigan","2015","12","1","11","-22.5","Chris","Creighton"
"Illinois","2015","12","5","7","-1.5","Bill","Cubit"
"Duke","2015","13","8","5","3","David","Cutcliffe"
"Michigan State","2015","14","12","2","14","Mark","Dantonio"
"New Mexico","2015","13","7","6","-10.5","Bob","Davie"
"Fresno State","2015","12","3","9","-17.9","Tim","DeRuyter"
"UConn","2015","13","6","7","-2.5","Bob","Diaco"
"NC State","2015","13","7","6","6.7","Dave","Doeren"
"California","2015","13","8","5","11","Sonny","Dykes"
"Maryland","2015","6","2","4","-4","Randy","Edsall"
"South Carolina","2015","6","1","5","1.4","Shawn","Elliott"
"North Carolina","2015","14","11","3","19.2","Larry","Fedora"
"Iowa","2015","14","12","2","11.1","Kirk","Ferentz"
"Florida State","2015","13","10","3","15.8","Jimbo","Fisher"
"Northwestern","2015","13","10","3","3","Pat","Fitzgerald"
"Western Michigan","2015","13","8","5","4.3","P.J.","Fleck"
"Rutgers","2015","12","4","8","-7.8","Kyle","Flood"
"Texas State","2015","12","3","9","-22.8","Dennis","Franchione"
"Penn State","2015","13","7","6","4.3","James","Franklin"
"Ole Miss","2015","13","10","3","18.1","Hugh","Freeze"
"Georgia Southern","2015","13","9","4","4","Willie","Fritz"
"Memphis","2015","12","9","3","9.3","Justin","Fuente"
"Miami","2015","7","4","3","5.1","Al","Golden"
"Arizona State","2015","13","6","7","6.9","Todd","Graham"
"Oklahoma State","2015","13","10","3","10","Mike","Gundy"
"Michigan","2015","13","10","3","17.5","Jim","Harbaugh"
"Boise State","2015","13","9","4","8.1","Bryan","Harsin"
"Kent State","2015","12","3","9","-17.9","Paul","Haynes"
"Purdue","2015","12","2","10","-9.2","Darrell","Hazell"
"Oregon","2015","13","9","4","12.3","Mark","Helfrich"
"USC","2015","9","5","4","13.6","Clay","Helton"
"Houston","2015","14","13","1","14.3","Tom","Herman"
"West Virginia","2015","13","8","5","11","Dana","Holgorsen"
"Marshall","2015","13","10","3","-0.2","Doc","Holliday"
"Louisiana Tech","2015","13","9","4","-0.3","Skip","Holtz"
"Louisiana","2015","12","4","8","-18.9","Mark","Hudspeth"
"Tulane","2015","12","3","9","-18.9","Curtis","Johnson"
"Georgia Tech","2015","12","3","9","4.6","Paul","Johnson"
"Tennessee","2015","13","9","4","17.7","Butch","Jones"
"South Alabama","2015","12","5","7","-17.6","Joey","Jones"
"Notre Dame","2015","13","10","3","17.5","Brian","Kelly"
"Minnesota","2015","7","4","3","0.2","Jerry","Kill"
"Texas Tech","2015","13","7","6","5.2","Kliff","Kingsbury"
"UTEP","2015","12","5","7","-22.4","Sean","Kugler"
"Charlotte","2015","12","2","10","-27.9","Brad","Lambert"
"Washington State","2015","13","9","4","8","Mike","Leach"
"Buffalo","2015","12","5","7","-10.8","Lance","Leipold"
"Ball State","2015","12","3","9","-14.9","Pete","Lembo"
"Virginia","2015","12","4","8","1.3","Mike","London"
"San Diego State","2015","14","11","3","6.2","Rocky","Long"
"Colorado","2015","13","4","9","-4.6","Mike","MacIntyre"
"Auburn","2015","13","7","6","9.1","Gus","Malzahn"
"Miami (OH)","2015","12","3","9","-19.3","Chuck","Martin"
"New Mexico State","2015","12","3","9","-22.3","Doug","Martin"
"Vanderbilt","2015","12","4","8","-1.9","Derek","Mason"
"North Texas","2015","5","0","5","-24.4","Dan","McCarney"
"Florida","2015","14","10","4","9.7","Jim","McElwain"
"East Carolina","2015","12","5","7","1.8","Ruffin","McNeill"
"BYU","2015","13","9","4","8.4","Bronco","Mendenhall"
"Ohio State","2015","13","12","1","21.9","Urban","Meyer"
"LSU","2015","12","9","3","16.2","Les","Miles"
"Georgia State","2015","13","6","7","-11","Trent","Miles"
"Army","2015","12","2","10","-11.5","Jeff","Monken"
"Southern Miss","2015","14","9","5","1.8","Todd","Monken"
"Tulsa","2015","13","6","7","-5.3","Philip","Montgomery"
"UCLA","2015","13","8","5","9.9","Jim","Mora"
"SMU","2015","12","2","10","-13.1","Chad","Morris"
"Mississippi State","2015","13","9","4","15.5","Dan","Mullen"
"Hawai'i","2015","4","1","3","-21.7","Chris","Naeole"
"Pittsburgh","2015","13","8","5","8.9","Pat","Narduzzi"
"Navy","2015","13","11","2","13.5","Ken","Niumatalolo"
"UCF","2015","8","0","8","-21","George","O'Leary"
"Florida Atlantic","2015","12","3","9","-14.5","Charlie","Partridge"
"TCU","2015","13","11","2","14.7","Gary","Patterson"
"Washington","2015","13","7","6","13.7","Chris","Petersen"
"Louisville","2015","13","8","5","8.3","Bobby","Petrino"
"Idaho","2015","12","4","8","-18.7","Paul","Petrino"
"Missouri","2015","12","5","7","0.5","Gary","Pinkel"
"Nevada","2015","13","7","6","-9.4","Brian","Polian"
"Iowa State","2015","12","3","9","-2.2","Paul","Rhoads"
"Temple","2015","14","10","4","7.4","Matt","Rhule"
"Georgia","2015","12","9","3","10.3","Mark","Richt"
"Nebraska","2015","13","6","7","6.6","Mike","Riley"
"Arizona","2015","13","7","6","-0.1","Rich","Rodriguez"
"Alabama","2015","15","14","1","27.3","Nick","Saban"
"UNLV","2015","12","3","9","-15","Tony","Sanchez"
"App State","2015","13","11","2","2.4","Scott","Satterfield"
"Syracuse","2015","12","4","8","-0.9","Scott","Shafer"
"Stanford","2015","14","12","2","20.6","David","Shaw"
"Kansas State","2015","13","6","7","2.1","Bill","Snyder"
"Ohio","2015","13","8","5","-4.9","Frank","Solich"
"South Carolina","2015","6","2","4","1.4","Steve","Spurrier"
"Middle Tennessee","2015","13","7","6","-3.6","Rick","Stockstill"
"Oklahoma","2015","13","11","2","23.1","Bob","Stoops"
"Kentucky","2015","12","5","7","-3.1","Mark","Stoops"
"Texas","2015","12","5","7","2.3","Charlie","Strong"
"Texas A&M","2015","13","8","5","11.3","Kevin","Sumlin"
"Clemson","2015","15","14","1","22.3","Dabo","Swinney"
"South Florida","2015","13","8","5","8.4","Willie","Taggart"
"Cincinnati","2015","13","7","6","0.1","Tommy","Tuberville"
"Florida International","2015","12","5","7","-13.5","Ron","Turner"
"Utah State","2015","13","6","7","-0.2","Matt","Wells"
"Massachusetts","2015","12","3","9","-14.7","Mark","Whipple"
"Utah","2015","13","10","3","11.8","Kyle","Whittingham"
"Old Dominion","2015","12","5","7","-21.6","Bobby","Wilder"
"Indiana","2015","13","6","7","2.2","Kevin","Wilson"
"Boston College","2014","13","7","6","6.2","Steve","Addazio"
"Wisconsin","2014","1","1","0","15.3","Barry","Alvarez"
"Wisconsin","2014","13","10","3","15.3","Gary","Andersen"
"Arkansas State","2014","13","7","6","-4.9","Blake","Anderson"
"Bowling Green","2014","14","8","6","-13.4","Dino","Babers"
"Rice","2014","13","8","5","-3.4","David","Bailiff"
"Virginia Tech","2014","13","7","6","6.9","Frank","Beamer"
"Illinois","2014","13","6","7","-4","Tim","Beckman"
"UL Monroe","2014","12","4","8","-12.6","Todd","Berry"
"Arkansas","2014","13","7","6","20.4","Bret","Bielema"
"Troy","2014","12","3","9","-19.3","Larry","Blakeney"
"Tulsa","2014","12","2","10","-18.3","Bill","Blankenship"
"Wyoming","2014","12","4","8","-11.2","Craig","Bohl"
"Akron","2014","12","5","7","-14","Terry","Bowden"
"Baylor","2014","13","11","2","21.1","Art","Briles"
"Western Kentucky","2014","13","8","5","0.6","Jeff","Brohm"
"Air Force","2014","13","10","3","-1.2","Troy","Calhoun"
"Toledo","2014","13","9","4","-4.1","Matt","Campbell"
"San José State","2014","12","3","9","-15","Ron","Caragher"
"Northern Illinois","2014","14","11","3","-4.8","Rod","Carey"
"Hawai'i","2014","13","4","9","-11.7","Norm","Chow"
"Pittsburgh","2014","12","6","6","2.8","Paul","Chryst"
"UAB","2014","12","6","6","0.5","Bill","Clark"
"Wake Forest","2014","12","3","9","-10.8","Dave","Clawson"
"UTSA","2014","12","4","8","-12.8","Larry","Coker"
"Eastern Michigan","2014","12","2","10","-27.1","Chris","Creighton"
"Duke","2014","13","9","4","7.7","David","Cutcliffe"
"Michigan State","2014","13","11","2","20","Mark","Dantonio"
"New Mexico","2014","12","4","8","-13.4","Bob","Davie"
"Fresno State","2014","14","6","8","-10.4","Tim","DeRuyter"
"UConn","2014","12","2","12","-20.4","Bob","Diaco"
"NC State","2014","13","8","5","1.9","Dave","Doeren"
"Florida","2014","1","1","0","9.6","D.J.","Durkin"
"California","2014","12","5","7","2.5","Sonny","Dykes"
"Maryland","2014","13","7","6","0.9","Randy","Edsall"
"Central Michigan","2014","13","7","6","-7.1","Dan","Enos"
"North Carolina","2014","13","6","7","-2.3","Larry","Fedora"
"Iowa","2014","13","7","6","3.2","Kirk","Ferentz"
"Florida State","2014","14","13","1","14.2","Jimbo","Fisher"
"Northwestern","2014","12","5","7","-0.3","Pat","Fitzgerald"
"Western Michigan","2014","13","8","5","-3","P.J.","Fleck"
"Rutgers","2014","13","8","5","0.4","Kyle","Flood"
"Texas State","2014","12","7","5","-11","Dennis","Franchione"
"Penn State","2014","13","7","6","1.8","James","Franklin"
"Ole Miss","2014","13","9","4","21.3","Hugh","Freeze"
"Georgia Southern","2014","12","9","3","-0.1","Willie","Fritz"
"Memphis","2014","13","10","3","7.3","Justin","Fuente"
"Houston","2014","1","1","0","-2.3","David","Gibbs"
"Miami","2014","13","6","7","9.1","Al","Golden"
"Arizona State","2014","13","10","3","13.4","Todd","Graham"
"Oklahoma State","2014","13","7","6","2.6","Mike","Gundy"
"Boise State","2014","14","12","2","10","Bryan","Harsin"
"UNLV","2014","13","2","11","-21.1","Bobby","Hauck"
"Kent State","2014","11","2","9","-17.7","Paul","Haynes"
"Purdue","2014","12","3","9","-6.7","Darrell","Hazell"
"Oregon","2014","15","13","2","27.1","Mark","Helfrich"
"Michigan","2014","12","5","7","1.6","Brady","Hoke"
"West Virginia","2014","13","7","6","11.5","Dana","Holgorsen"
"Marshall","2014","14","13","1","14.6","Doc","Holliday"
"Louisiana Tech","2014","14","9","5","10.6","Skip","Holtz"
"Louisiana","2014","13","9","4","-5.7","Mark","Hudspeth"
"Tulane","2014","12","3","9","-15.5","Curtis","Johnson"
"Georgia Tech","2014","14","11","3","18.5","Paul","Johnson"
"Tennessee","2014","13","7","6","10.9","Butch","Jones"
"South Alabama","2014","13","6","7","-11.7","Joey","Jones"
"SMU","2014","2","0","2","-24.6","June","Jones"
"Notre Dame","2014","13","8","5","8.4","Brian","Kelly"
"Minnesota","2014","13","8","5","8","Jerry","Kill"
"Texas Tech","2014","12","4","8","-1.3","Kliff","Kingsbury"
"UTEP","2014","13","7","6","-5.9","Sean","Kugler"
"Washington State","2014","12","3","9","-1.9","Mike","Leach"
"Ball State","2014","12","5","7","-10.4","Pete","Lembo"
"Houston","2014","12","7","5","-2.3","Tony","Levine"
"Virginia","2014","12","5","7","5.1","Mike","London"
"San Diego State","2014","13","7","6","-4.5","Rocky","Long"
"Colorado","2014","12","2","10","-4.1","Mike","MacIntyre"
"Auburn","2014","13","8","5","21.1","Gus","Malzahn"
"Miami (OH)","2014","12","2","10","-16.1","Chuck","Martin"
"New Mexico State","2014","12","2","10","-25.5","Doug","Martin"
"Vanderbilt","2014","12","3","9","-9.6","Derek","Mason"
"North Texas","2014","12","4","8","-15.8","Dan","McCarney"
"Colorado State","2014","12","10","2","3.1","Jim","McElwain"
"East Carolina","2014","13","8","5","1","Ruffin","McNeill"
"BYU","2014","13","8","5","3.4","Bronco","Mendenhall"
"Ohio State","2014","15","14","1","23.9","Urban","Meyer"
"LSU","2014","13","8","5","13.9","Les","Miles"
"Georgia State","2014","12","1","11","-26.4","Trent","Miles"
"Army","2014","12","4","8","-16.4","Jeff","Monken"
"Southern Miss","2014","12","3","9","-13.9","Todd","Monken"
"UCLA","2014","13","10","3","15.5","Jim","Mora"
"Mississippi State","2014","13","10","3","20","Dan","Mullen"
"Florida","2014","11","6","5","9.6","Will","Muschamp"
"Navy","2014","13","8","5","-0.7","Ken","Niumatalolo"
"UCF","2014","13","9","4","-0.4","George","O'Leary"
"Florida Atlantic","2014","12","3","9","-11","Charlie","Partridge"
"TCU","2014","13","12","1","26.8","Gary","Patterson"
"Nebraska","2014","12","9","3","13.7","Bo","Pelini"
"Washington","2014","14","8","6","8.2","Chris","Petersen"
"Louisville","2014","13","9","4","11.6","Bobby","Petrino"
"Idaho","2014","11","1","10","-22.6","Paul","Petrino"
"Missouri","2014","14","11","3","13.1","Gary","Pinkel"
"Nevada","2014","13","7","6","-2.1","Brian","Polian"
"Buffalo","2014","7","3","4","-13.6","Jeff","Quinn"
"Iowa State","2014","12","2","10","-4.7","Paul","Rhoads"
"Temple","2014","12","6","6","-4.1","Matt","Rhule"
"Georgia","2014","13","10","3","23.7","Mark","Richt"
"Oregon State","2014","12","5","7","-1.6","Mike","Riley"
"Arizona","2014","14","10","4","10.7","Rich","Rodriguez"
"Alabama","2014","14","12","2","26.5","Nick","Saban"
"USC","2014","13","9","4","16.6","Steve","Sarkisian"
"App State","2014","12","7","5","-8.2","Scott","Satterfield"
"Syracuse","2014","12","3","9","-3.9","Scott","Shafer"
"Stanford","2014","13","8","5","15.1","David","Shaw"
"Kansas State","2014","13","9","4","18.5","Bill","Snyder"
"Ohio","2014","12","6","6","-14.7","Frank","Solich"
"South Carolina","2014","13","7","6","7.4","Steve","Spurrier"
"Middle Tennessee","2014","12","6","6","-5.9","Rick","Stockstill"
"Oklahoma","2014","13","8","5","15.4","Bob","Stoops"
"Kentucky","2014","12","5","7","0.1","Mark","Stoops"
"Texas","2014","13","6","7","5.8","Charlie","Strong"
"Texas A&M","2014","13","8","5","11.6","Kevin","Sumlin"
"Clemson","2014","13","10","3","13.9","Dabo","Swinney"
"South Florida","2014","12","4","8","-14.9","Willie","Taggart"
"Cincinnati","2014","13","9","4","1.6","Tommy","Tuberville"
"Florida International","2014","12","4","8","-8.5","Ron","Turner"
"Kansas","2014","4","2","2","-7.5","Charlie","Weis"
"Utah State","2014","14","10","4","1.4","Matt","Wells"
"Massachusetts","2014","12","3","9","-15.6","Mark","Whipple"
"Utah","2014","13","9","4","10.7","Kyle","Whittingham"
"Old Dominion","2014","12","6","6","-9.9","Bobby","Wilder"
"Indiana","2014","12","4","8","-6.6","Kevin","Wilson"
"Buffalo","2014","4","2","2","-13.6","Alex","Wood"
