expected_margin,fair_spread,margin_sd,home_win_probability,market_home_spread,ats_edge_home,home_cover_probability,straight_up_pick,ats_pick,pick_status,confidence_tier,forced_pick,game_id,home,away,season,week,foundation_expected_margin,preseason_expected_margin,preseason_challenger_share,preseason_raw_delta,preseason_adjustment,top_drivers,injury_scenario,fbs_transition,returning_expected_margin,returning_production_adjustment,talent_adjustment,full_preseason_adjustment,total_preseason_adjustment,venue,neutral_site,market_provider,market_captured_at,opening_home_spread,market_total,draftkings_home_spread,fanduel_home_spread,home_coach,away_coach,home_coach_rating,away_coach_rating,home_coach_history,away_coach_history,home_returning_data,away_returning_data,home_talent_data,away_talent_data,home_prior_fbs_games,away_prior_fbs_games,home_trailing_fbs_games,away_trailing_fbs_games,transition_game,data_flag,preseason_profile,preseason_challenger_profile,talent_available,reported_confidence,pick_edge,pick_cover_probability,market_line,model_line,foundation_model_line,returning_model_line,full_preseason_model_line,ats_pick_line
7.2871077155750195,-7.2871077155750195,16.304046124531588,0.6725447358819302,-3.5,3.7871077155750195,0.5,Eastern Michigan,Eastern Michigan,article_pick,low,TRUE,401864495,Eastern Michigan,San Jose State,2026,1,6.017180701037107,12.366815773726664,0.2,6.349635072689557,1.2699270145379122,success_rate_diff:-1.84; trailing_3yr_diff:+1.17; defense_epa_diff:+0.57; offense_epa_diff:-0.52,most_likely,,10.712751490562153,4.695570789525046,1.6540642831645105,6.349635072689557,1.2699270145379122,Rynearson Stadium,FALSE,DraftKings,2026-08-30T18:04:00Z,-3.5,54.5,-3.5,,Chris Creighton,Ken Niumatalolo,-2.2240346119649415,-3.9438622057154573,TRUE,TRUE,TRUE,TRUE,TRUE,TRUE,11,11,33,33,FALSE,standard,foundation_preseason_roster_aware_blend,objective_roster_rebuild_profile,TRUE,low,3.7871077155750195,0.5,Eastern Michigan -3.5,Eastern Michigan -7.3,Eastern Michigan -6.0,Eastern Michigan -10.7,Eastern Michigan -12.4,Eastern Michigan -3.5
33.407489744415344,-33.407489744415344,18.181667007526574,0.9669265737542551,-41.5,-8.092510255584656,0.5,Oklahoma,UTEP,large_spread_review,low,TRUE,401856664,Oklahoma,UTEP,2026,1,30.079418595045496,46.719774341894734,0.2,16.640355746849238,3.3280711493698476,power_rating_diff:+21.88; ps_talent_percentile_diff:+3.70; trailing_3yr_diff:-2.94; preseason_prior_diff:+2.34,most_likely,,35.43326760312548,5.353849008079983,11.286506738769255,16.640355746849238,3.3280711493698476,"Memorial Stadium (Norman, OK)",FALSE,DraftKings,2026-08-30T18:04:00Z,-40.5,50.5,-41.5,,Brent Venables,Scotty Walden,2.700756167598314,-4.507973353718382,TRUE,TRUE,TRUE,TRUE,TRUE,TRUE,12,11,35,33,FALSE,standard,foundation_preseason_roster_aware_blend,objective_roster_rebuild_profile,TRUE,low,8.092510255584656,0.5,Oklahoma -41.5,Oklahoma -33.4,Oklahoma -30.1,Oklahoma -35.4,Oklahoma -46.7,UTEP +41.5
-5.238425617940015,5.238425617940015,20.246396145957227,0.3979203458929483,-10,-15.238425617940015,0.5,Toledo,Toledo,article_pick,low,TRUE,401858429,Michigan State,Toledo,2026,1,-7.146742362634408,2.3948413608375563,0.2,9.541583723471964,1.9083167446943934,power_rating_diff:-13.01; preseason_prior_diff:-4.44; success_rate_diff:-4.35; trailing_3yr_diff:+4.01,most_likely,,-11.081136942529444,-3.9343945798950353,13.475978303367,9.541583723471964,1.9083167446943934,Spartan Stadium,FALSE,DraftKings,2026-08-30T18:04:00Z,-10.5,49.5,-10,,Pat Fitzgerald,Mike Jacobs,-1.2897647815448403,0,TRUE,FALSE,TRUE,TRUE,TRUE,TRUE,11,11,33,34,FALSE,new_coach_no_model_history,foundation_preseason_roster_aware_blend,objective_roster_rebuild_profile,TRUE,provisional,15.238425617940015,0.5,Michigan State -10.0,Toledo -5.2,Toledo -7.1,Toledo -11.1,Michigan State -2.4,Toledo +10.0
-26.316508980477927,26.316508980477927,18.181667007526574,0.07388965978121338,24.5,-1.816508980477927,0.5,Miami,Miami,large_spread_review,low,TRUE,401858206,Stanford,Miami,2026,1,-25.301432448409535,-29.24284134027447,0.2575415441324835,-3.941408891864935,-1.0150765320683917,power_rating_diff:-27.65; success_rate_diff:-7.20; trailing_3yr_diff:+4.47; preseason_prior_diff:-3.09,most_likely,,-26.278807646922825,-0.9773751985132897,-2.964033693351645,-3.941408891864935,-1.0150765320683917,Stanford Stadium,FALSE,DraftKings,2026-08-30T18:04:00Z,21.5,47.5,24.5,,Tavita Pritchard,Mario Cristobal,0,5.1974369224755845,TRUE,TRUE,TRUE,TRUE,TRUE,TRUE,12,15,34,37,FALSE,roster_rebuild_review,foundation_preseason_roster_aware_blend,objective_roster_rebuild_profile,TRUE,provisional,1.816508980477927,0.5,Miami -24.5,Miami -26.3,Miami -25.3,Miami -26.3,Miami -29.2,Miami -24.5
21.34682394906583,-21.34682394906583,18.181667007526574,0.8798195253628681,-23.5,-2.153176050934171,0.5,Southern California,Fresno State,large_spread_review,low,TRUE,401858436,Southern California,Fresno State,2026,1,18.10700616958725,34.306095066980134,0.2,16.199088897392883,3.239817779478578,power_rating_diff:+11.30; success_rate_diff:+4.53; ps_talent_percentile_diff:+3.43; offense_epa_diff:-2.84,most_likely,,20.101237858159887,1.9942316885726363,14.204857208820247,16.199088897392883,3.239817779478578,Los Angeles Memorial Coliseum,FALSE,DraftKings,2026-08-30T18:04:00Z,-23.5,51.5,-23.5,,Lincoln Riley,Matt Entz,3.219477913030702,0.9038851319441985,TRUE,TRUE,TRUE,TRUE,TRUE,TRUE,12,11,36,33,FALSE,standard,foundation_preseason_roster_aware_blend,objective_roster_rebuild_profile,TRUE,low,2.153176050934171,0.5,Southern California -23.5,Southern California -21.3,Southern California -18.1,Southern California -20.1,Southern California -34.3,Fresno State +23.5
12.04124759601815,-12.04124759601815,16.304046124531588,0.769907883999082,-28.5,-16.458752403981848,0.5,Alabama,East Carolina,large_spread_review,low,TRUE,401856634,Alabama,East Carolina,2026,1,10.325265009134242,18.905177943553785,0.2,8.579912934419543,1.715982586883909,power_rating_diff:+9.20; success_rate_diff:-4.65; ps_talent_percentile_diff:+3.43; trailing_3yr_diff:-1.89,most_likely,,11.56367969665199,1.2384146875177482,7.341498246901795,8.579912934419543,1.715982586883909,Bryant-Denny Stadium,FALSE,DraftKings,2026-08-30T18:04:00Z,-25.5,53.5,-28.5,,Kalen DeBoer,Blake Harrell,3.396688997314638,3.997336276028688,TRUE,TRUE,TRUE,TRUE,TRUE,TRUE,14,11,38,33,FALSE,standard,foundation_preseason_roster_aware_blend,objective_roster_rebuild_profile,TRUE,low,16.458752403981848,0.5,Alabama -28.5,Alabama -12.0,Alabama -10.3,Alabama -11.6,Alabama -18.9,East Carolina +28.5
15.390838116748853,-15.390838116748853,18.65613238380812,0.7953070364523313,-20.5,-5.109161883251147,0.5,Houston,Oregon State,article_pick,low,TRUE,401856778,Houston,Oregon State,2026,1,14.906068475475221,17.329916681843372,0.2,2.4238482063681506,0.48476964127363154,power_rating_diff:+9.27; preseason_prior_diff:+0.77; havoc_generated_diff:-0.75; ps_talent_percentile_diff:+0.75,most_likely,,17.97284767615052,3.066779200675297,-0.6429309943071466,2.4238482063681506,0.48476964127363154,TDECU Stadium,FALSE,DraftKings,2026-08-30T18:04:00Z,-18.5,51.5,-20.5,,Willie Fritz,JaMarcus Shephard,0.8270239121601207,0,TRUE,FALSE,TRUE,TRUE,TRUE,TRUE,11,11,35,33,FALSE,new_coach_no_model_history,foundation_preseason_roster_aware_blend,objective_roster_rebuild_profile,TRUE,provisional,5.109161883251147,0.5,Houston -20.5,Houston -15.4,Houston -14.9,Houston -18.0,Houston -17.3,Oregon State +20.5
10.776551884524224,-10.776551884524224,16.304046124531588,0.7456855317903109,-21.5,-10.723448115475776,0.5,West Virginia,Coastal Carolina,large_spread_review,low,TRUE,401856780,West Virginia,Coastal Carolina,2026,1,7.939074566024153,20.900008670023972,0.21892537186994948,12.960934103999818,2.8374773185000715,success_rate_diff:-3.61; ps_talent_percentile_diff:+2.63; power_rating_diff:+2.58; offense_epa_diff:+0.86,most_likely,,8.14130333643951,0.20222877041535714,12.758705333584462,12.960934103999818,2.8374773185000715,Milan Puskar Stadium,FALSE,DraftKings,2026-08-30T18:04:00Z,-17.5,56.5,-21.5,,Rich Rodriguez,Ryan Beard,-0.3670675712163975,-1.2119707554947556,TRUE,TRUE,TRUE,TRUE,TRUE,TRUE,11,11,33,33,FALSE,roster_rebuild_review,foundation_preseason_roster_aware_blend,objective_roster_rebuild_profile,TRUE,provisional,10.723448115475776,0.5,West Virginia -21.5,West Virginia -10.8,West Virginia -7.9,West Virginia -8.1,West Virginia -20.9,Coastal Carolina +21.5
30.784954015406967,-30.784954015406967,18.181667007526574,0.9547900179480933,-40.5,-9.715045984593033,0.5,Indiana,North Texas,large_spread_review,low,TRUE,401858425,Indiana,North Texas,2026,1,26.760058712172142,38.64290406975069,0.33871477597475086,11.88284535757855,4.024895303234825,power_rating_diff:+16.50; ps_talent_percentile_diff:+4.15; success_rate_diff:-3.00; coach_rating_diff:+2.84,most_likely,,28.78283199543138,2.0227732832592373,9.860072074319312,11.88284535757855,4.024895303234825,"Memorial Stadium (Bloomington, IN)",FALSE,DraftKings,2026-08-30T18:04:00Z,-40.5,55.5,-40.5,,Curt Cignetti,Neal Brown,9.04709426153082,-0.3360230432117643,TRUE,TRUE,TRUE,TRUE,TRUE,TRUE,15,12,38,34,FALSE,roster_rebuild_review,foundation_preseason_roster_aware_blend,objective_roster_rebuild_profile,TRUE,provisional,9.715045984593033,0.5,Indiana -40.5,Indiana -30.8,Indiana -26.8,Indiana -28.8,Indiana -38.6,North Texas +40.5
11.954918490924568,-11.954918490924568,16.304046124531588,0.7682965813864289,-23.5,-11.545081509075432,0.5,Nebraska,Ohio,large_spread_review,low,TRUE,401858430,Nebraska,Ohio,2026,1,5.880484696394645,29.524547265147508,0.25691159363440674,23.64406256875286,6.074433794529923,ps_talent_percentile_diff:+6.02; success_rate_diff:-1.34; trailing_3yr_diff:+1.34; ps_portal_offense_replacement_diff:+0.93,most_likely,,5.035886205287991,-0.8445984911066544,24.488661059859517,23.64406256875286,6.074433794529923,"Memorial Stadium (Lincoln, NE)",FALSE,DraftKings,2026-08-30T18:04:00Z,-23.5,47.5,-23.5,,Matt Rhule,John Hauser,0.19853382038725342,0,TRUE,FALSE,TRUE,TRUE,TRUE,TRUE,11,11,34,34,FALSE,new_coach_no_model_history,foundation_preseason_roster_aware_blend,objective_roster_rebuild_profile,TRUE,provisional,11.545081509075432,0.5,Nebraska -23.5,Nebraska -12.0,Nebraska -5.9,Nebraska -5.0,Nebraska -29.5,Ohio +23.5
15.983454948880752,-15.983454948880752,18.65613238380812,0.8042057054793499,-6.5,9.483454948880752,0.5,James Madison,James Madison,article_pick,low,TRUE,401869960,James Madison,Liberty,2026,1,18.213319288698298,7.06399758961057,0.2,-11.149321699087729,-2.2298643398175457,power_rating_diff:+14.61; preseason_prior_diff:+2.26; success_rate_diff:-1.81; defense_epa_diff:-1.64,most_likely,,15.478013143628043,-2.735306145070254,-8.414015554017475,-11.149321699087729,-2.2298643398175457,Bridgeforth Stadium,FALSE,DraftKings,2026-08-30T18:04:00Z,-6,52.5,-6.5,,Billy Napier,Jamey Chadwell,0.29833418299068215,0.933314449697866,TRUE,TRUE,TRUE,TRUE,TRUE,TRUE,13,11,35,34,FALSE,standard,foundation_preseason_roster_aware_blend,objective_roster_rebuild_profile,TRUE,low,9.483454948880752,0.5,James Madison -6.5,James Madison -16.0,James Madison -18.2,James Madison -15.5,James Madison -7.1,James Madison -6.5
9.051224775616031,-9.051224775616031,16.304046124531588,0.7106046714141107,-16.5,-7.448775224383969,0.5,Pittsburgh,Miami (OH),article_pick,low,TRUE,401858207,Pittsburgh,Miami (OH),2026,1,8.044793427562304,13.076950167830942,0.2,5.032156740268638,1.0064313480537272,power_rating_diff:+3.74; success_rate_diff:-2.67; ps_talent_percentile_diff:+0.89; prior_season_diff:-0.75,most_likely,,10.374370420775104,2.3295769932128003,2.7025797470558377,5.032156740268638,1.0064313480537272,Acrisure Stadium,FALSE,DraftKings,2026-08-30T18:04:00Z,-16.5,49.5,-16.5,,Pat Narduzzi,Chuck Martin,0.27611944763385293,0.9478933751729237,TRUE,TRUE,TRUE,TRUE,TRUE,TRUE,11,12,33,37,FALSE,standard,foundation_preseason_roster_aware_blend,objective_roster_rebuild_profile,TRUE,low,7.448775224383969,0.5,Pittsburgh -16.5,Pittsburgh -9.1,Pittsburgh -8.0,Pittsburgh -10.4,Pittsburgh -13.1,Miami (OH) +16.5
52.039919290257174,-52.039919290257174,18.181667007526574,0.9978965718189025,-50.5,1.5399192902571741,0.5,Ohio State,Ohio State,large_spread_review,low,TRUE,401858432,Ohio State,Ball State,2026,1,48.929634402795436,64.48105884010408,0.2,15.551424437308647,3.110284887461738,power_rating_diff:+39.37; success_rate_diff:+6.99; preseason_prior_diff:+6.37; trailing_3yr_diff:-6.36,most_likely,,53.01046536176707,4.080830958971632,11.470593478337015,15.551424437308647,3.110284887461738,Ohio Stadium,FALSE,DraftKings,2026-08-30T18:04:00Z,-49.5,56.5,-50.5,,Ryan Day,Mike Uremovich,6.745988285746663,-5.109448363407262,TRUE,TRUE,TRUE,TRUE,TRUE,TRUE,13,11,40,33,FALSE,standard,foundation_preseason_roster_aware_blend,objective_roster_rebuild_profile,TRUE,low,1.5399192902571741,0.5,Ohio State -50.5,Ohio State -52.0,Ohio State -48.9,Ohio State -53.0,Ohio State -64.5,Ohio State -50.5
32.31805664324081,-32.31805664324081,18.181667007526574,0.9622576434561534,-36.5,-4.1819433567591915,0.5,South Carolina,Kent State,large_spread_review,low,TRUE,401856665,South Carolina,Kent State,2026,1,28.117657353192016,49.11965380343598,0.2,21.001996450243965,4.200399290048793,power_rating_diff:+22.72; ps_talent_percentile_diff:+5.05; trailing_3yr_diff:-3.38; preseason_prior_diff:+1.96,most_likely,,28.312256219260348,0.19459886606833265,20.807397584175632,21.001996450243965,4.200399290048793,Williams-Brice Stadium,FALSE,DraftKings,2026-08-30T18:04:00Z,-33.5,53.5,-36.5,,Shane Beamer,Mark Carney,1.481791922915743,-1.991721322345474,TRUE,TRUE,TRUE,TRUE,TRUE,TRUE,11,11,33,33,FALSE,standard,foundation_preseason_roster_aware_blend,objective_roster_rebuild_profile,TRUE,low,4.1819433567591915,0.5,South Carolina -36.5,South Carolina -32.3,South Carolina -28.1,South Carolina -28.3,South Carolina -49.1,Kent State +36.5
10.688019231459375,-10.688019231459375,16.304046124531588,0.743941208927542,-7,3.688019231459375,0.5,Auburn,Auburn,article_pick,low,TRUE,401856636,Auburn,Baylor,2026,1,8.490233011677589,13.433934794130488,0.4445628633148091,4.9437017824529,2.1977862197817863,power_rating_diff:+4.50; ps_portal_offense_replacement_diff:+3.93; success_rate_diff:-3.04; home_field_points:-2.89,most_likely,,4.486159953116645,-4.004073058560944,8.947774841013842,4.9437017824529,2.1977862197817863,Mercedes-Benz Stadium,TRUE,DraftKings,2026-08-30T18:04:00Z,-6.5,59.5,-7,,Alex Golesh,Dave Aranda,3.431060467942877,-0.7014667915899813,TRUE,TRUE,TRUE,TRUE,TRUE,TRUE,11,11,33,33,FALSE,roster_rebuild_review,foundation_preseason_roster_aware_blend,objective_roster_rebuild_profile,TRUE,provisional,3.688019231459375,0.5,Auburn -7.0,Auburn -10.7,Auburn -8.5,Auburn -4.5,Auburn -13.4,Auburn -7.0
16.952647482278866,-16.952647482278866,18.65613238380812,0.8182432005341338,-30.5,-13.547352517721134,0.5,Texas,Texas State,large_spread_review,low,TRUE,401856667,Texas,Texas State,2026,1,13.807196164166532,29.534452754728196,0.2,15.727256590561664,3.1454513181123342,power_rating_diff:+10.91; success_rate_diff:-5.11; ps_talent_percentile_diff:+3.48; trailing_3yr_diff:-1.59,most_likely,,13.994197524589394,0.18700136042286175,15.540255230138802,15.727256590561664,3.1454513181123342,DKR-Texas Memorial Stadium,FALSE,DraftKings,2026-08-30T18:04:00Z,-30.5,59.5,-30.5,,Steve Sarkisian,G. J. Kinne,4.293422988703197,1.4550606273563258,TRUE,TRUE,TRUE,TRUE,TRUE,TRUE,12,11,42,33,FALSE,standard,foundation_preseason_roster_aware_blend,objective_roster_rebuild_profile,TRUE,low,13.547352517721134,0.5,Texas -30.5,Texas -17.0,Texas -13.8,Texas -14.0,Texas -29.5,Texas State +30.5
11.881583224212644,-11.881583224212644,16.304046124531588,0.7669228795064571,-7.5,4.381583224212644,0.5,Cincinnati,Cincinnati,article_pick,low,TRUE,401856777,Cincinnati,Boston College,2026,1,11.304050849721888,12.677428919330028,0.4205195839886545,1.3733780696081404,0.5775323744907563,power_rating_diff:+6.40; ps_portal_offense_replacement_diff:+2.79; offense_epa_diff:-1.53; rush_epa_diff:-1.18,most_likely,,9.811521356793417,-1.4925294929284707,2.865907562536611,1.3733780696081404,0.5775323744907563,Nippert Stadium,FALSE,DraftKings,2026-08-30T18:04:00Z,-9.5,51.5,-7.5,,Scott Satterfield,Bill O'Brien,-1.186616486431578,-2.383094424787503,TRUE,TRUE,TRUE,TRUE,TRUE,TRUE,11,11,33,33,FALSE,roster_rebuild_review,foundation_preseason_roster_aware_blend,objective_roster_rebuild_profile,TRUE,provisional,4.381583224212644,0.5,Cincinnati -7.5,Cincinnati -11.9,Cincinnati -11.3,Cincinnati -9.8,Cincinnati -12.7,Cincinnati -7.5
8.314615233067004,-8.314615233067004,16.304046124531588,0.6949646375299481,-9.5,-1.1853847669329962,0.5,Duke,Tulane,article_pick,low,TRUE,401858209,Duke,Tulane,2026,1,5.514769866562087,15.083322596538267,0.2926090753237545,9.56855272997618,2.7998453665049166,success_rate_diff:-2.71; ps_portal_offense_replacement_diff:+2.58; coach_rating_diff:+2.57; power_rating_diff:-2.56,most_likely,,5.316288382288109,-0.19848148427397838,9.767034214250158,9.56855272997618,2.7998453665049166,Wallace Wade Stadium,FALSE,DraftKings,2026-08-30T18:04:00Z,-8.5,50.5,-9.5,,Manny Diaz,Will Hall,1.6150396923225476,-6.953776514708867,TRUE,TRUE,TRUE,TRUE,TRUE,TRUE,12,14,34,38,FALSE,roster_rebuild_review,foundation_preseason_roster_aware_blend,objective_roster_rebuild_profile,TRUE,provisional,1.1853847669329962,0.5,Duke -9.5,Duke -8.3,Duke -5.5,Duke -5.3,Duke -15.1,Tulane +9.5
22.123514544615027,-22.123514544615027,18.181667007526574,0.8881604902100284,-24.5,-2.376485455384973,0.5,Oregon,Boise State,large_spread_review,low,TRUE,401858433,Oregon,Boise State,2026,1,19.368148179931215,33.14498000335028,0.2,13.776831823419062,2.7553663646838125,power_rating_diff:+12.16; ps_talent_percentile_diff:+3.08; trailing_3yr_diff:-1.58; preseason_prior_diff:+1.26,most_likely,,21.688902749630316,2.320754569699101,11.456077253719961,13.776831823419062,2.7553663646838125,Autzen Stadium,FALSE,DraftKings,2026-08-30T18:04:00Z,-24.5,51.5,-24.5,,Dan Lanning,Spencer Danielson,6.330131014208583,3.388226417953939,TRUE,TRUE,TRUE,TRUE,TRUE,TRUE,14,12,39,37,FALSE,standard,foundation_preseason_roster_aware_blend,objective_roster_rebuild_profile,TRUE,low,2.376485455384973,0.5,Oregon -24.5,Oregon -22.1,Oregon -19.4,Oregon -21.7,Oregon -33.1,Boise State +24.5
20.87759743857604,-20.87759743857604,18.65613238380812,0.8684457688817306,-24.5,-3.6224025614239608,0.5,Penn State,Marshall,large_spread_review,low,TRUE,401858434,Penn State,Marshall,2026,1,18.930476309184005,23.604850560339703,0.41655225379324906,4.674374251155697,1.947121129392034,power_rating_diff:+13.63; ps_talent_percentile_diff:+6.41; ps_portal_offense_replacement_diff:+3.65; trailing_3yr_diff:-2.65,most_likely,,11.024013196581963,-7.906463112602042,12.58083736375774,4.674374251155697,1.947121129392034,Beaver Stadium,FALSE,DraftKings,2026-08-30T18:04:00Z,-23.5,54.5,-24.5,,Matt Campbell,Tony Gibson,1.5655479007294613,-1.9544023059550708,TRUE,TRUE,TRUE,TRUE,TRUE,TRUE,11,11,38,34,FALSE,roster_rebuild_review,foundation_preseason_roster_aware_blend,objective_roster_rebuild_profile,TRUE,provisional,3.6224025614239608,0.5,Penn State -24.5,Penn State -20.9,Penn State -18.9,Penn State -11.0,Penn State -23.6,Marshall +24.5
-1.4420540569975797,1.4420540569975797,19.891050051753417,0.47110294434603506,14,12.55794594300242,0.5,Oklahoma State,Tulsa,article_pick,low,TRUE,401856772,Tulsa,Oklahoma State,2026,1,5.396543489140388,-6.052102212534452,0.5973280791751236,-11.44864570167484,-6.838597546137968,ps_portal_offense_replacement_diff:-7.28; ps_talent_percentile_diff:-2.83; coach_rating_diff:-1.53; ps_portal_replacement_capacity_diff:+1.33,most_likely,,7.134478784809039,1.7379352956686507,-13.18658099734349,-11.44864570167484,-6.838597546137968,Chapman Stadium,FALSE,DraftKings,2026-08-30T18:04:00Z,11.5,60.5,14,,Tre Lamb,Eric Morris,-1.7478073079952046,2.5646361101000354,TRUE,TRUE,TRUE,TRUE,TRUE,TRUE,11,11,33,34,FALSE,roster_rebuild_review,foundation_preseason_roster_aware_blend,objective_roster_rebuild_profile,TRUE,provisional,12.55794594300242,0.5,Oklahoma State -14.0,Oklahoma State -1.4,Tulsa -5.4,Tulsa -7.1,Oklahoma State -6.1,Tulsa +14.0
28.367960665736604,-28.367960665736604,18.181667007526574,0.9406496885749143,-31.5,-3.1320393342633963,0.5,Iowa,Northern Illinois,large_spread_review,low,TRUE,401858426,Iowa,Northern Illinois,2026,1,26.556578837750056,35.613487977682794,0.2,9.056909139932738,1.8113818279865477,power_rating_diff:+17.99; ps_talent_percentile_diff:+3.57; preseason_prior_diff:+2.14; success_rate_diff:+1.79,most_likely,,26.010035980665073,-0.5465428570849831,9.603451997017721,9.056909139932738,1.8113818279865477,Kinnick Stadium,FALSE,DraftKings,2026-08-30T18:04:00Z,-29.5,45.5,-31.5,,Kirk Ferentz,Rob Harley (interim),3.7778092064745463,0,TRUE,FALSE,TRUE,TRUE,TRUE,TRUE,11,11,35,33,FALSE,new_coach_no_model_history,foundation_preseason_roster_aware_blend,objective_roster_rebuild_profile,TRUE,provisional,3.1320393342633963,0.5,Iowa -31.5,Iowa -28.4,Iowa -26.6,Iowa -26.0,Iowa -35.6,Northern Illinois +31.5
4.007557104164475,-4.007557104164475,20.246396145957227,0.5784537149770722,-3,1.0075571041644746,0.5,Colorado State,Colorado State,article_pick,low,TRUE,401860878,Colorado State,Wyoming,2026,1,2.4980789651615343,10.045469660176234,0.2,7.5473906950147,1.5094781390029404,power_rating_diff:-3.34; ps_talent_percentile_diff:+2.23; success_rate_diff:-1.70; defense_epa_diff:+1.53,most_likely,,3.6586873401380364,1.1606083749765022,6.386782320038198,7.5473906950147,1.5094781390029404,Canvas Stadium,FALSE,DraftKings,2026-08-30T18:04:00Z,-4,47.5,-3,,Jim Mora,Jay Sawvel,0.8066688198264802,-3.1672549258498592,TRUE,TRUE,TRUE,TRUE,TRUE,TRUE,11,11,33,33,FALSE,standard,foundation_preseason_roster_aware_blend,objective_roster_rebuild_profile,TRUE,low,1.0075571041644746,0.5,Colorado State -3.0,Colorado State -4.0,Colorado State -2.5,Colorado State -3.7,Colorado State -10.0,Colorado State -3.0
27.88589127480536,-27.88589127480536,18.181667007526574,0.9374527883279669,-41.5,-13.61410872519464,0.5,Texas A&M,Missouri State,large_spread_review,low,TRUE,401856668,Texas A&M,Missouri State,2026,1,23.253898034913064,46.41386423437454,0.2,23.15996619946148,4.631993239892296,power_rating_diff:+16.89; ps_talent_percentile_diff:+4.91; preseason_prior_diff:+2.63; trailing_3yr_diff:-2.19,most_likely,,26.762422239048437,3.508524204135373,19.651441995326106,23.15996619946148,4.631993239892296,Kyle Field,FALSE,DraftKings,2026-08-30T18:04:00Z,-38.5,52.5,-41.5,,Mike Elko,Casey Woods,3.0297912113741114,0,TRUE,FALSE,TRUE,TRUE,TRUE,TRUE,12,11,34,11,FALSE,new_coach_no_model_history,foundation_preseason_roster_aware_blend,objective_roster_rebuild_profile,TRUE,provisional,13.61410872519464,0.5,Texas A&M -41.5,Texas A&M -27.9,Texas A&M -23.3,Texas A&M -26.8,Texas A&M -46.4,Missouri State +41.5
17.402315196196607,-17.402315196196607,18.65613238380812,0.8245366480770575,-9.5,7.902315196196607,0.5,Memphis,Memphis,article_pick,low,TRUE,401862695,Memphis,Arkansas State,2026,1,17.645524627532694,16.429477470852245,0.2,-1.2160471566804496,-0.24320943133608708,power_rating_diff:+13.95; trailing_3yr_diff:-2.17; preseason_prior_diff:+1.77; offense_epa_diff:-1.36,most_likely,,15.886148822370174,-1.7593758051625201,0.5433286484820705,-1.2160471566804496,-0.24320943133608708,Simmons Bank Liberty Stadium,FALSE,DraftKings,2026-08-30T18:04:00Z,-10.5,53.5,-9.5,,Charles Huff,Butch Jones,1.412813310756072,-1.2117273185908433,TRUE,TRUE,TRUE,TRUE,TRUE,TRUE,11,11,33,33,FALSE,standard,foundation_preseason_roster_aware_blend,objective_roster_rebuild_profile,TRUE,low,7.902315196196607,0.5,Memphis -9.5,Memphis -17.4,Memphis -17.6,Memphis -15.9,Memphis -16.4,Memphis -9.5
16.64773912505164,-16.64773912505164,18.65613238380812,0.813896448579054,-13.5,3.1477391250516398,0.5,South Florida,South Florida,article_pick,low,TRUE,401862699,South Florida,Florida International,2026,1,17.230274313512886,14.317598371206651,0.2,-2.912675942306235,-0.5825351884612466,power_rating_diff:+12.27; preseason_prior_diff:+1.77; ps_talent_percentile_diff:+1.60; pass_epa_diff:-1.39,most_likely,,15.156802197774088,-2.0734721157387987,-0.8392038265674362,-2.912675942306235,-0.5825351884612466,Raymond James Stadium,FALSE,DraftKings,2026-08-30T18:04:00Z,-12.5,53.5,-13.5,,Brian Hartline,Willie Simmons,0,0.6893083941084378,FALSE,TRUE,TRUE,TRUE,TRUE,TRUE,11,11,33,33,FALSE,new_coach_no_model_history,foundation_preseason_roster_aware_blend,objective_roster_rebuild_profile,TRUE,provisional,3.1477391250516398,0.5,South Florida -13.5,South Florida -16.6,South Florida -17.2,South Florida -15.2,South Florida -14.3,South Florida -13.5
15.950965579525205,-15.950965579525205,18.65613238380812,0.8037240164937799,-16.5,-0.5490344204747952,0.5,Troy,Sam Houston,article_pick,low,TRUE,401870763,Troy,Sam Houston,2026,1,16.618733820996145,13.27989261364144,0.2,-3.3388412073547045,-0.6677682414709398,power_rating_diff:+10.97; success_rate_diff:-2.36; coach_rating_diff:+1.73; preseason_prior_diff:+1.59,most_likely,,15.056871314320462,-1.5618625066756824,-1.776978700679022,-3.3388412073547045,-0.6677682414709398,Veterans Memorial Stadium (AL),FALSE,DraftKings,2026-08-30T18:04:00Z,-17.5,53.5,-16.5,,Gerad Parker,Phil Longo,-1.6812684550883188,-7.634235412345406,TRUE,TRUE,TRUE,TRUE,TRUE,TRUE,12,12,35,35,FALSE,standard,foundation_preseason_roster_aware_blend,objective_roster_rebuild_profile,TRUE,low,0.5490344204747952,0.5,Troy -16.5,Troy -16.0,Troy -16.6,Troy -15.1,Troy -13.3,Sam Houston +16.5
3.578703666926189,-3.578703666926189,20.246396145957227,0.5701505885175546,-10.5,-6.921296333073811,0.5,LSU,Clemson,article_pick,low,TRUE,401856660,LSU,Clemson,2026,1,0.5143454685480536,8.423499851247366,0.3874444789042418,7.909154382699312,3.064358198378135,success_rate_diff:-5.44; ps_portal_offense_replacement_diff:+3.89; power_rating_diff:-2.61; offense_epa_diff:+0.97,most_likely,,-0.8626296256938403,-1.376975094241894,9.286129476941205,7.909154382699312,3.064358198378135,Tiger Stadium (LA),FALSE,DraftKings,2026-08-30T18:04:00Z,-10.5,51.5,-10.5,,Lane Kiffin,Dabo Swinney,4.440289265682767,3.0045661182152887,TRUE,TRUE,TRUE,TRUE,TRUE,TRUE,11,11,33,35,FALSE,roster_rebuild_review,foundation_preseason_roster_aware_blend,objective_roster_rebuild_profile,TRUE,provisional,6.921296333073811,0.5,LSU -10.5,LSU -3.6,LSU -0.5,Clemson -0.9,LSU -8.4,Clemson +10.5
22.633825567746026,-22.633825567746026,18.181667007526574,0.8934103691174718,-28.5,-5.866174432253974,0.5,Mississippi State,UL Monroe,large_spread_review,low,TRUE,401856662,Mississippi State,UL Monroe,2026,1,19.077671695630137,36.85844105620958,0.2,17.78076936057944,3.556153872115889,power_rating_diff:+13.14; ps_talent_percentile_diff:+4.91; havoc_generated_diff:-1.17; preseason_prior_diff:+1.10,most_likely,,19.024239599378944,-0.05343209625119272,17.834201456830634,17.78076936057944,3.556153872115889,Davis Wade Stadium,FALSE,DraftKings,2026-08-30T18:04:00Z,-28.5,56.5,-28.5,,Jeff Lebby,Bryant Vincent,-2.486051170886812,-4.543589592505752,TRUE,TRUE,TRUE,TRUE,TRUE,TRUE,11,11,33,33,FALSE,standard,foundation_preseason_roster_aware_blend,objective_roster_rebuild_profile,TRUE,low,5.866174432253974,0.5,Mississippi State -28.5,Mississippi State -22.6,Mississippi State -19.1,Mississippi State -19.0,Mississippi State -36.9,UL Monroe +28.5
17.18755084716758,-17.18755084716758,18.65613238380812,0.8215482784549915,-27.5,-10.312449152832421,0.5,Michigan,Western Michigan,large_spread_review,low,TRUE,401858428,Michigan,Western Michigan,2026,1,14.903988687144615,26.321799487259433,0.2,11.417810800114818,2.2835621600229636,power_rating_diff:+11.35; ps_talent_percentile_diff:+4.24; trailing_3yr_diff:-2.71; preseason_prior_diff:+1.57,most_likely,,11.950464699791041,-2.9535239873535737,14.371334787468392,11.417810800114818,2.2835621600229636,Michigan Stadium,FALSE,DraftKings,2026-08-30T18:04:00Z,-26.5,47.5,-27.5,,Kyle Whittingham,Lance Taylor,3.2981374788723565,-0.0633702542515221,TRUE,TRUE,TRUE,TRUE,TRUE,TRUE,12,12,39,34,FALSE,standard,foundation_preseason_roster_aware_blend,objective_roster_rebuild_profile,TRUE,low,10.312449152832421,0.5,Michigan -27.5,Michigan -17.2,Michigan -14.9,Michigan -12.0,Michigan -26.3,Western Michigan +27.5
20.275173826826844,-20.275173826826844,18.65613238380812,0.8614337134662001,-27.5,-7.224826173173156,0.5,Florida,Florida Atlantic,large_spread_review,low,TRUE,401856637,Florida,Florida Atlantic,2026,1,16.672212814319753,34.68701787685521,0.2,18.014805062535455,3.602961012507091,power_rating_diff:+9.33; ps_talent_percentile_diff:+3.84; coach_rating_diff:+2.12; success_rate_diff:-1.91,most_likely,,16.78112312469426,0.10891031037450816,17.905894752160947,18.014805062535455,3.602961012507091,Ben Hill Griffin Stadium,FALSE,DraftKings,2026-08-30T18:04:00Z,-25.5,59.5,-27.5,,Jon Sumrall,Zach Kittley,3.4405161282672223,-3.751724600170253,TRUE,TRUE,TRUE,TRUE,TRUE,TRUE,11,11,33,33,FALSE,standard,foundation_preseason_roster_aware_blend,objective_roster_rebuild_profile,TRUE,low,7.224826173173156,0.5,Florida -27.5,Florida -20.3,Florida -16.7,Florida -16.8,Florida -34.7,Florida Atlantic +27.5
-6.559303998994126,6.559303998994126,20.246396145957227,0.3729788956499728,3,-3.5593039989941264,0.5,UNLV,UNLV,article_pick,low,TRUE,401864497,Hawai'i,UNLV,2026,1,-5.5886497232113825,-10.4419211021251,0.2,-4.853271378913718,-0.9706542757827439,power_rating_diff:-8.90; success_rate_diff:-5.88; ps_talent_percentile_diff:-2.74; trailing_3yr_diff:+2.35,most_likely,,-0.9283631109395808,4.660286612271801,-9.51355799118552,-4.853271378913718,-0.9706542757827439,Clarence T.C. Ching Athletics Complex,FALSE,DraftKings,2026-08-30T18:04:00Z,1.5,58.5,3,,Timmy Chang,Dan Mullen,-0.6683617756963528,2.2251647213259287,TRUE,TRUE,TRUE,TRUE,TRUE,TRUE,11,12,33,36,FALSE,standard,foundation_preseason_roster_aware_blend,objective_roster_rebuild_profile,TRUE,low,3.5593039989941264,0.5,UNLV -3.0,UNLV -6.6,UNLV -5.6,UNLV -0.9,UNLV -10.4,UNLV -3.0
12.811598902685574,-12.811598902685574,16.304046124531588,0.7840055006443484,-10.5,2.3115989026855743,0.5,New Mexico,New Mexico,article_pick,low,TRUE,401864498,New Mexico,Central Michigan,2026,1,12.371970829404166,14.570111195811208,0.2,2.198140366407042,0.4396280732814084,power_rating_diff:+5.72; success_rate_diff:-1.69; coach_rating_diff:+0.70; defense_epa_diff:+0.49,most_likely,,11.98976268725676,-0.3822081421474053,2.5803485085544473,2.198140366407042,0.4396280732814084,University Stadium (NM),FALSE,DraftKings,2026-08-30T18:04:00Z,-12.5,46.5,-10.5,,Jason Eck,Matt Drinkall,3.1931329250399636,0.5454325562743522,TRUE,TRUE,TRUE,TRUE,TRUE,TRUE,11,11,33,33,FALSE,standard,foundation_preseason_roster_aware_blend,objective_roster_rebuild_profile,TRUE,low,2.3115989026855743,0.5,New Mexico -10.5,New Mexico -12.8,New Mexico -12.4,New Mexico -12.0,New Mexico -14.6,New Mexico -10.5
5.477274294748608,-5.477274294748608,20.246396145957227,0.6066240479137611,1.5,6.977274294748608,0.5,California,California,article_pick,low,TRUE,401858210,California,UCLA,2026,1,6.005208782238464,3.5630996481640906,0.21617972764757637,-2.4421091340743732,-0.5279344874898557,power_rating_diff:+3.48; success_rate_diff:-2.74; coach_rating_diff:-1.63; rush_epa_diff:+0.87,most_likely,,7.133488248761798,1.1282794665233338,-3.570388600597707,-2.4421091340743732,-0.5279344874898557,California Memorial Stadium,FALSE,DraftKings,2026-08-30T18:04:00Z,-1.5,53.5,1.5,,Tosh Lupoi,Bob Chesney,0,4.8087673831425395,FALSE,TRUE,TRUE,TRUE,TRUE,TRUE,11,12,33,35,FALSE,new_coach_no_model_history,foundation_preseason_roster_aware_blend,objective_roster_rebuild_profile,TRUE,provisional,6.977274294748608,0.5,UCLA -1.5,California -5.5,California -6.0,California -7.1,California -3.6,California +1.5
-9.827605986487399,9.827605986487399,16.304046124531588,0.27333052480576114,2.5,-7.327605986487399,0.5,Western Kentucky,Western Kentucky,article_pick,low,TRUE,401864432,Nevada,Western Kentucky,2026,1,-8.74261282641686,-14.167578626769554,0.2,-5.424965800352695,-1.084993160070539,power_rating_diff:-10.32; success_rate_diff:-6.50; preseason_prior_diff:-1.86; trailing_3yr_diff:+1.52,most_likely,,-12.983711716702668,-4.241098890285809,-1.183866910066886,-5.424965800352695,-1.084993160070539,Mackay Stadium,FALSE,DraftKings,2026-08-30T18:04:00Z,4.5,52.5,2.5,,Jeff Choate,Tyson Helton,-2.74936839153199,-0.2921681934609345,TRUE,TRUE,TRUE,TRUE,TRUE,TRUE,11,11,34,34,FALSE,standard,foundation_preseason_roster_aware_blend,objective_roster_rebuild_profile,TRUE,low,7.327605986487399,0.5,Western Kentucky -2.5,Western Kentucky -9.8,Western Kentucky -8.7,Western Kentucky -13.0,Western Kentucky -14.2,Western Kentucky -2.5
11.806801159841111,-11.806801159841111,16.304046124531588,0.7655174319907221,-23.5,-11.693198840158889,0.5,Washington,Washington State,large_spread_review,low,TRUE,401858437,Washington,Washington State,2026,1,10.746778349376994,16.046892401697576,0.2,5.300114052320582,1.0600228104641172,power_rating_diff:+5.23; ps_talent_percentile_diff:+2.45; preseason_prior_diff:+1.69; trailing_3yr_diff:-1.45,most_likely,,9.672092634608175,-1.074685714768819,6.374799767089401,5.300114052320582,1.0600228104641172,Husky Stadium,FALSE,DraftKings,2026-08-30T18:04:00Z,-21.5,50.5,-23.5,,Jedd Fisch,Kirby Moore,2.4780600685028684,0,TRUE,FALSE,TRUE,TRUE,TRUE,TRUE,11,11,37,33,FALSE,new_coach_no_model_history,foundation_preseason_roster_aware_blend,objective_roster_rebuild_profile,TRUE,provisional,11.693198840158889,0.5,Washington -23.5,Washington -11.8,Washington -10.7,Washington -9.7,Washington -16.0,Washington State +23.5
8.947173034166411,-8.947173034166411,16.304046124531588,0.7084183842334857,-6.5,2.4471730341664113,0.5,Mississippi,Mississippi,article_pick,low,TRUE,401856661,Mississippi,Louisville,2026,1,8.398506768963243,10.14443795586901,0.31425423253681817,1.7459311869057679,0.5486662652031686,power_rating_diff:+6.15; home_field_points:-2.90; ps_portal_offense_replacement_diff:-1.52; ps_talent_percentile_diff:+1.46,most_likely,,8.959470845375975,0.5609640764127324,1.1849671104930355,1.7459311869057679,0.5486662652031686,Nissan Stadium,TRUE,DraftKings,2026-08-30T18:04:00Z,-6.5,55.5,-6.5,,Pete Golding,Jeff Brohm,4.290852118130417,2.2810395442095377,TRUE,TRUE,TRUE,TRUE,TRUE,TRUE,14,11,36,34,FALSE,roster_rebuild_review,foundation_preseason_roster_aware_blend,objective_roster_rebuild_profile,TRUE,provisional,2.4471730341664113,0.5,Mississippi -6.5,Mississippi -8.9,Mississippi -8.4,Mississippi -9.0,Mississippi -10.1,Mississippi -6.5
27.39512225034388,-27.39512225034388,18.181667007526574,0.934061887964527,-20.5,6.895122250343881,0.5,Notre Dame,Notre Dame,article_pick,low,TRUE,401858438,Notre Dame,Wisconsin,2026,1,28.89459581117379,21.855547263328667,0.21302219336005981,-7.039048547845123,-1.4994735608299088,power_rating_diff:+24.14; success_rate_diff:+5.37; preseason_prior_diff:+4.46; trailing_3yr_diff:-3.93,most_likely,,31.49577127180734,2.6011754606335487,-9.640224008478672,-7.039048547845123,-1.4994735608299088,Lambeau Field,TRUE,DraftKings,2026-08-30T18:04:00Z,-20.5,47.5,-20.5,,Marcus Freeman,Luke Fickell,7.277456236932835,-0.6700817855494958,TRUE,TRUE,TRUE,TRUE,TRUE,TRUE,12,12,39,35,FALSE,roster_rebuild_review,foundation_preseason_roster_aware_blend,objective_roster_rebuild_profile,TRUE,provisional,6.895122250343881,0.5,Notre Dame -20.5,Notre Dame -27.4,Notre Dame -28.9,Notre Dame -31.5,Notre Dame -21.9,Notre Dame -20.5
-2.730278414225668,2.730278414225668,19.891050051753417,0.44541198989573166,3,0.2697215857743318,0.5,SMU,Florida State,article_pick,low,TRUE,401858212,Florida State,SMU,2026,1,-3.4903061296372204,0.30983244742054206,0.2,3.8001385770577625,0.7600277154115522,power_rating_diff:-9.21; trailing_3yr_diff:+1.96; coach_rating_diff:-1.64; preseason_prior_diff:-1.16,most_likely,,-4.275189825414659,-0.784883695777439,4.585022272835202,3.8001385770577625,0.7600277154115522,Doak Campbell Stadium,FALSE,DraftKings,2026-08-30T18:04:00Z,3,53.5,3,,Mike Norvell,Rhett Lashlee,-0.6842483612518444,4.181403074460524,TRUE,TRUE,TRUE,TRUE,TRUE,TRUE,11,11,34,36,FALSE,standard,foundation_preseason_roster_aware_blend,objective_roster_rebuild_profile,TRUE,low,0.2697215857743318,0.5,SMU -3.0,SMU -2.7,SMU -3.5,SMU -4.3,Florida State -0.3,Florida State +3.0
