"team","season","conference","division","classification","source"
"Air Force",2020,"Mountain West","Mountain","fbs","cfbd_teams_fbs"
"Akron",2020,"Mid-American","East","fbs","cfbd_teams_fbs"
"Alabama",2020,"SEC","West","fbs","cfbd_teams_fbs"
"App State",2020,"Sun Belt","West","fbs","cfbd_teams_fbs"
"Arizona",2020,"Pac-12","South","fbs","cfbd_teams_fbs"
"Arizona State",2020,"Pac-12","South","fbs","cfbd_teams_fbs"
"Arkansas",2020,"SEC","West","fbs","cfbd_teams_fbs"
"Arkansas State",2020,"Sun Belt","East","fbs","cfbd_teams_fbs"
"Army",2020,"FBS Independents",,"fbs","cfbd_teams_fbs"
"Auburn",2020,"SEC","West","fbs","cfbd_teams_fbs"
"Ball State",2020,"Mid-American","West","fbs","cfbd_teams_fbs"
"Baylor",2020,"Big 12",,"fbs","cfbd_teams_fbs"
"Boise State",2020,"Mountain West","Mountain","fbs","cfbd_teams_fbs"
"Boston College",2020,"ACC","Atlantic","fbs","cfbd_teams_fbs"
"Bowling Green",2020,"Mid-American","East","fbs","cfbd_teams_fbs"
"Buffalo",2020,"Mid-American","East","fbs","cfbd_teams_fbs"
"BYU",2020,"FBS Independents",,"fbs","cfbd_teams_fbs"
"California",2020,"Pac-12","North","fbs","cfbd_teams_fbs"
"Central Michigan",2020,"Mid-American","West","fbs","cfbd_teams_fbs"
"Charlotte",2020,"Conference USA","East","fbs","cfbd_teams_fbs"
"Cincinnati",2020,"American Athletic","East","fbs","cfbd_teams_fbs"
"Clemson",2020,"ACC","Atlantic","fbs","cfbd_teams_fbs"
"Coastal Carolina",2020,"Sun Belt","West","fbs","cfbd_teams_fbs"
"Colorado",2020,"Pac-12","South","fbs","cfbd_teams_fbs"
"Colorado State",2020,"Mountain West","Mountain","fbs","cfbd_teams_fbs"
"Duke",2020,"ACC","Coastal","fbs","cfbd_teams_fbs"
"East Carolina",2020,"American Athletic","East","fbs","cfbd_teams_fbs"
"Eastern Michigan",2020,"Mid-American","West","fbs","cfbd_teams_fbs"
"Florida",2020,"SEC","East","fbs","cfbd_teams_fbs"
"Florida Atlantic",2020,"Conference USA","East","fbs","cfbd_teams_fbs"
"Florida International",2020,"Conference USA","East","fbs","cfbd_teams_fbs"
"Florida State",2020,"ACC","Atlantic","fbs","cfbd_teams_fbs"
"Fresno State",2020,"Mountain West","West","fbs","cfbd_teams_fbs"
"Georgia",2020,"SEC","East","fbs","cfbd_teams_fbs"
"Georgia Southern",2020,"Sun Belt","West","fbs","cfbd_teams_fbs"
"Georgia State",2020,"Sun Belt","West","fbs","cfbd_teams_fbs"
"Georgia Tech",2020,"ACC","Coastal","fbs","cfbd_teams_fbs"
"Hawai'i",2020,"Mountain West","West","fbs","cfbd_teams_fbs"
"Houston",2020,"American Athletic","West","fbs","cfbd_teams_fbs"
"Illinois",2020,"Big Ten","West","fbs","cfbd_teams_fbs"
"Indiana",2020,"Big Ten","East","fbs","cfbd_teams_fbs"
"Iowa",2020,"Big Ten","West","fbs","cfbd_teams_fbs"
"Iowa State",2020,"Big 12",,"fbs","cfbd_teams_fbs"
"Kansas",2020,"Big 12",,"fbs","cfbd_teams_fbs"
"Kansas State",2020,"Big 12",,"fbs","cfbd_teams_fbs"
"Kent State",2020,"Mid-American","East","fbs","cfbd_teams_fbs"
"Kentucky",2020,"SEC","East","fbs","cfbd_teams_fbs"
"Liberty",2020,"FBS Independents",,"fbs","cfbd_teams_fbs"
"Louisiana",2020,"Sun Belt","East","fbs","cfbd_teams_fbs"
"Louisiana Tech",2020,"Conference USA","West","fbs","cfbd_teams_fbs"
"Louisville",2020,"ACC","Atlantic","fbs","cfbd_teams_fbs"
"LSU",2020,"SEC","West","fbs","cfbd_teams_fbs"
"Marshall",2020,"Conference USA","East","fbs","cfbd_teams_fbs"
"Maryland",2020,"Big Ten","East","fbs","cfbd_teams_fbs"
"Massachusetts",2020,"FBS Independents",,"fbs","cfbd_teams_fbs"
"Memphis",2020,"American Athletic","West","fbs","cfbd_teams_fbs"
"Miami",2020,"ACC","Coastal","fbs","cfbd_teams_fbs"
"Miami (OH)",2020,"Mid-American","East","fbs","cfbd_teams_fbs"
"Michigan",2020,"Big Ten","East","fbs","cfbd_teams_fbs"
"Michigan State",2020,"Big Ten","East","fbs","cfbd_teams_fbs"
"Middle Tennessee",2020,"Conference USA","East","fbs","cfbd_teams_fbs"
"Minnesota",2020,"Big Ten","West","fbs","cfbd_teams_fbs"
"Mississippi State",2020,"SEC","West","fbs","cfbd_teams_fbs"
"Missouri",2020,"SEC","East","fbs","cfbd_teams_fbs"
"Navy",2020,"American Athletic","West","fbs","cfbd_teams_fbs"
"North Carolina State",2020,"ACC","Atlantic","fbs","cfbd_teams_fbs"
"Nebraska",2020,"Big Ten","West","fbs","cfbd_teams_fbs"
"Nevada",2020,"Mountain West","West","fbs","cfbd_teams_fbs"
"New Mexico",2020,"Mountain West","Mountain","fbs","cfbd_teams_fbs"
"New Mexico State",2020,"FBS Independents",,"fbs","cfbd_teams_fbs"
"North Carolina",2020,"ACC","Coastal","fbs","cfbd_teams_fbs"
"Northern Illinois",2020,"Mid-American","West","fbs","cfbd_teams_fbs"
"North Texas",2020,"Conference USA","West","fbs","cfbd_teams_fbs"
"Northwestern",2020,"Big Ten","West","fbs","cfbd_teams_fbs"
"Notre Dame",2020,"FBS Independents",,"fbs","cfbd_teams_fbs"
"Ohio",2020,"Mid-American","East","fbs","cfbd_teams_fbs"
"Ohio State",2020,"Big Ten","East","fbs","cfbd_teams_fbs"
"Oklahoma",2020,"Big 12",,"fbs","cfbd_teams_fbs"
"Oklahoma State",2020,"Big 12",,"fbs","cfbd_teams_fbs"
"Old Dominion",2020,"Conference USA","East","fbs","cfbd_teams_fbs"
"Mississippi",2020,"SEC","West","fbs","cfbd_teams_fbs"
"Oregon",2020,"Pac-12","North","fbs","cfbd_teams_fbs"
"Oregon State",2020,"Pac-12","North","fbs","cfbd_teams_fbs"
"Penn State",2020,"Big Ten","East","fbs","cfbd_teams_fbs"
"Pittsburgh",2020,"ACC","Coastal","fbs","cfbd_teams_fbs"
"Purdue",2020,"Big Ten","West","fbs","cfbd_teams_fbs"
"Rice",2020,"Conference USA","West","fbs","cfbd_teams_fbs"
"Rutgers",2020,"Big Ten","East","fbs","cfbd_teams_fbs"
"San Diego State",2020,"Mountain West","West","fbs","cfbd_teams_fbs"
"San José State",2020,"Mountain West","West","fbs","cfbd_teams_fbs"
"SMU",2020,"American Athletic","West","fbs","cfbd_teams_fbs"
"South Alabama",2020,"Sun Belt","East","fbs","cfbd_teams_fbs"
"South Carolina",2020,"SEC","East","fbs","cfbd_teams_fbs"
"Southern Miss",2020,"Conference USA","West","fbs","cfbd_teams_fbs"
"South Florida",2020,"American Athletic","East","fbs","cfbd_teams_fbs"
"Stanford",2020,"Pac-12","North","fbs","cfbd_teams_fbs"
"Syracuse",2020,"ACC","Atlantic","fbs","cfbd_teams_fbs"
"TCU",2020,"Big 12",,"fbs","cfbd_teams_fbs"
"Temple",2020,"American Athletic","East","fbs","cfbd_teams_fbs"
"Tennessee",2020,"SEC","East","fbs","cfbd_teams_fbs"
"Texas",2020,"Big 12",,"fbs","cfbd_teams_fbs"
"Texas A&M",2020,"SEC","West","fbs","cfbd_teams_fbs"
"Texas State",2020,"Sun Belt","East","fbs","cfbd_teams_fbs"
"Texas Tech",2020,"Big 12",,"fbs","cfbd_teams_fbs"
"Toledo",2020,"Mid-American","West","fbs","cfbd_teams_fbs"
"Troy",2020,"Sun Belt","East","fbs","cfbd_teams_fbs"
"Tulane",2020,"American Athletic","West","fbs","cfbd_teams_fbs"
"Tulsa",2020,"American Athletic","West","fbs","cfbd_teams_fbs"
"UAB",2020,"Conference USA","West","fbs","cfbd_teams_fbs"
"UCF",2020,"American Athletic","East","fbs","cfbd_teams_fbs"
"UCLA",2020,"Pac-12","South","fbs","cfbd_teams_fbs"
"Connecticut",2020,"American Athletic","East","fbs","cfbd_teams_fbs"
"UL Monroe",2020,"Sun Belt","East","fbs","cfbd_teams_fbs"
"UNLV",2020,"Mountain West","West","fbs","cfbd_teams_fbs"
"Southern California",2020,"Pac-12","South","fbs","cfbd_teams_fbs"
"Utah",2020,"Pac-12","South","fbs","cfbd_teams_fbs"
"Utah State",2020,"Mountain West","Mountain","fbs","cfbd_teams_fbs"
"UTEP",2020,"Conference USA","West","fbs","cfbd_teams_fbs"
"UTSA",2020,"Conference USA","West","fbs","cfbd_teams_fbs"
"Vanderbilt",2020,"SEC","East","fbs","cfbd_teams_fbs"
"Virginia",2020,"ACC","Coastal","fbs","cfbd_teams_fbs"
"Virginia Tech",2020,"ACC","Coastal","fbs","cfbd_teams_fbs"
"Wake Forest",2020,"ACC","Atlantic","fbs","cfbd_teams_fbs"
"Washington",2020,"Pac-12","North","fbs","cfbd_teams_fbs"
"Washington State",2020,"Pac-12","North","fbs","cfbd_teams_fbs"
"Western Kentucky",2020,"Conference USA","East","fbs","cfbd_teams_fbs"
"Western Michigan",2020,"Mid-American","West","fbs","cfbd_teams_fbs"
"West Virginia",2020,"Big 12",,"fbs","cfbd_teams_fbs"
"Wisconsin",2020,"Big Ten","West","fbs","cfbd_teams_fbs"
"Wyoming",2020,"Mountain West","Mountain","fbs","cfbd_teams_fbs"
"Air Force",2021,"Mountain West","Mountain","fbs","cfbd_teams_fbs"
"Akron",2021,"Mid-American","East","fbs","cfbd_teams_fbs"
"Alabama",2021,"SEC","West","fbs","cfbd_teams_fbs"
"App State",2021,"Sun Belt","West","fbs","cfbd_teams_fbs"
"Arizona",2021,"Pac-12","South","fbs","cfbd_teams_fbs"
"Arizona State",2021,"Pac-12","South","fbs","cfbd_teams_fbs"
"Arkansas",2021,"SEC","West","fbs","cfbd_teams_fbs"
"Arkansas State",2021,"Sun Belt","East","fbs","cfbd_teams_fbs"
"Army",2021,"FBS Independents",,"fbs","cfbd_teams_fbs"
"Auburn",2021,"SEC","West","fbs","cfbd_teams_fbs"
"Ball State",2021,"Mid-American","West","fbs","cfbd_teams_fbs"
"Baylor",2021,"Big 12",,"fbs","cfbd_teams_fbs"
"Boise State",2021,"Mountain West","Mountain","fbs","cfbd_teams_fbs"
"Boston College",2021,"ACC","Atlantic","fbs","cfbd_teams_fbs"
"Bowling Green",2021,"Mid-American","East","fbs","cfbd_teams_fbs"
"Buffalo",2021,"Mid-American","East","fbs","cfbd_teams_fbs"
"BYU",2021,"FBS Independents",,"fbs","cfbd_teams_fbs"
"California",2021,"Pac-12","North","fbs","cfbd_teams_fbs"
"Central Michigan",2021,"Mid-American","West","fbs","cfbd_teams_fbs"
"Charlotte",2021,"Conference USA","East","fbs","cfbd_teams_fbs"
"Cincinnati",2021,"American Athletic","East","fbs","cfbd_teams_fbs"
"Clemson",2021,"ACC","Atlantic","fbs","cfbd_teams_fbs"
"Coastal Carolina",2021,"Sun Belt","West","fbs","cfbd_teams_fbs"
"Colorado",2021,"Pac-12","South","fbs","cfbd_teams_fbs"
"Colorado State",2021,"Mountain West","Mountain","fbs","cfbd_teams_fbs"
"Duke",2021,"ACC","Coastal","fbs","cfbd_teams_fbs"
"East Carolina",2021,"American Athletic","East","fbs","cfbd_teams_fbs"
"Eastern Michigan",2021,"Mid-American","West","fbs","cfbd_teams_fbs"
"Florida",2021,"SEC","East","fbs","cfbd_teams_fbs"
"Florida Atlantic",2021,"Conference USA","East","fbs","cfbd_teams_fbs"
"Florida International",2021,"Conference USA","East","fbs","cfbd_teams_fbs"
"Florida State",2021,"ACC","Atlantic","fbs","cfbd_teams_fbs"
"Fresno State",2021,"Mountain West","West","fbs","cfbd_teams_fbs"
"Georgia",2021,"SEC","East","fbs","cfbd_teams_fbs"
"Georgia Southern",2021,"Sun Belt","West","fbs","cfbd_teams_fbs"
"Georgia State",2021,"Sun Belt","West","fbs","cfbd_teams_fbs"
"Georgia Tech",2021,"ACC","Coastal","fbs","cfbd_teams_fbs"
"Hawai'i",2021,"Mountain West","West","fbs","cfbd_teams_fbs"
"Houston",2021,"American Athletic","West","fbs","cfbd_teams_fbs"
"Illinois",2021,"Big Ten","West","fbs","cfbd_teams_fbs"
"Indiana",2021,"Big Ten","East","fbs","cfbd_teams_fbs"
"Iowa",2021,"Big Ten","West","fbs","cfbd_teams_fbs"
"Iowa State",2021,"Big 12",,"fbs","cfbd_teams_fbs"
"Kansas",2021,"Big 12",,"fbs","cfbd_teams_fbs"
"Kansas State",2021,"Big 12",,"fbs","cfbd_teams_fbs"
"Kent State",2021,"Mid-American","East","fbs","cfbd_teams_fbs"
"Kentucky",2021,"SEC","East","fbs","cfbd_teams_fbs"
"Liberty",2021,"FBS Independents",,"fbs","cfbd_teams_fbs"
"Louisiana",2021,"Sun Belt","East","fbs","cfbd_teams_fbs"
"Louisiana Tech",2021,"Conference USA","West","fbs","cfbd_teams_fbs"
"Louisville",2021,"ACC","Atlantic","fbs","cfbd_teams_fbs"
"LSU",2021,"SEC","West","fbs","cfbd_teams_fbs"
"Marshall",2021,"Conference USA","East","fbs","cfbd_teams_fbs"
"Maryland",2021,"Big Ten","East","fbs","cfbd_teams_fbs"
"Massachusetts",2021,"FBS Independents",,"fbs","cfbd_teams_fbs"
"Memphis",2021,"American Athletic","West","fbs","cfbd_teams_fbs"
"Miami",2021,"ACC","Coastal","fbs","cfbd_teams_fbs"
"Miami (OH)",2021,"Mid-American","East","fbs","cfbd_teams_fbs"
"Michigan",2021,"Big Ten","East","fbs","cfbd_teams_fbs"
"Michigan State",2021,"Big Ten","East","fbs","cfbd_teams_fbs"
"Middle Tennessee",2021,"Conference USA","East","fbs","cfbd_teams_fbs"
"Minnesota",2021,"Big Ten","West","fbs","cfbd_teams_fbs"
"Mississippi State",2021,"SEC","West","fbs","cfbd_teams_fbs"
"Missouri",2021,"SEC","East","fbs","cfbd_teams_fbs"
"Navy",2021,"American Athletic","West","fbs","cfbd_teams_fbs"
"North Carolina State",2021,"ACC","Atlantic","fbs","cfbd_teams_fbs"
"Nebraska",2021,"Big Ten","West","fbs","cfbd_teams_fbs"
"Nevada",2021,"Mountain West","West","fbs","cfbd_teams_fbs"
"New Mexico",2021,"Mountain West","Mountain","fbs","cfbd_teams_fbs"
"New Mexico State",2021,"FBS Independents",,"fbs","cfbd_teams_fbs"
"North Carolina",2021,"ACC","Coastal","fbs","cfbd_teams_fbs"
"Northern Illinois",2021,"Mid-American","West","fbs","cfbd_teams_fbs"
"North Texas",2021,"Conference USA","West","fbs","cfbd_teams_fbs"
"Northwestern",2021,"Big Ten","West","fbs","cfbd_teams_fbs"
"Notre Dame",2021,"FBS Independents",,"fbs","cfbd_teams_fbs"
"Ohio",2021,"Mid-American","East","fbs","cfbd_teams_fbs"
"Ohio State",2021,"Big Ten","East","fbs","cfbd_teams_fbs"
"Oklahoma",2021,"Big 12",,"fbs","cfbd_teams_fbs"
"Oklahoma State",2021,"Big 12",,"fbs","cfbd_teams_fbs"
"Old Dominion",2021,"Conference USA","East","fbs","cfbd_teams_fbs"
"Mississippi",2021,"SEC","West","fbs","cfbd_teams_fbs"
"Oregon",2021,"Pac-12","North","fbs","cfbd_teams_fbs"
"Oregon State",2021,"Pac-12","North","fbs","cfbd_teams_fbs"
"Penn State",2021,"Big Ten","East","fbs","cfbd_teams_fbs"
"Pittsburgh",2021,"ACC","Coastal","fbs","cfbd_teams_fbs"
"Purdue",2021,"Big Ten","West","fbs","cfbd_teams_fbs"
"Rice",2021,"Conference USA","West","fbs","cfbd_teams_fbs"
"Rutgers",2021,"Big Ten","East","fbs","cfbd_teams_fbs"
"San Diego State",2021,"Mountain West","West","fbs","cfbd_teams_fbs"
"San José State",2021,"Mountain West","West","fbs","cfbd_teams_fbs"
"SMU",2021,"American Athletic","West","fbs","cfbd_teams_fbs"
"South Alabama",2021,"Sun Belt","East","fbs","cfbd_teams_fbs"
"South Carolina",2021,"SEC","East","fbs","cfbd_teams_fbs"
"Southern Miss",2021,"Conference USA","West","fbs","cfbd_teams_fbs"
"South Florida",2021,"American Athletic","East","fbs","cfbd_teams_fbs"
"Stanford",2021,"Pac-12","North","fbs","cfbd_teams_fbs"
"Syracuse",2021,"ACC","Atlantic","fbs","cfbd_teams_fbs"
"TCU",2021,"Big 12",,"fbs","cfbd_teams_fbs"
"Temple",2021,"American Athletic","East","fbs","cfbd_teams_fbs"
"Tennessee",2021,"SEC","East","fbs","cfbd_teams_fbs"
"Texas",2021,"Big 12",,"fbs","cfbd_teams_fbs"
"Texas A&M",2021,"SEC","West","fbs","cfbd_teams_fbs"
"Texas State",2021,"Sun Belt","East","fbs","cfbd_teams_fbs"
"Texas Tech",2021,"Big 12",,"fbs","cfbd_teams_fbs"
"Toledo",2021,"Mid-American","West","fbs","cfbd_teams_fbs"
"Troy",2021,"Sun Belt","East","fbs","cfbd_teams_fbs"
"Tulane",2021,"American Athletic","West","fbs","cfbd_teams_fbs"
"Tulsa",2021,"American Athletic","West","fbs","cfbd_teams_fbs"
"UAB",2021,"Conference USA","West","fbs","cfbd_teams_fbs"
"UCF",2021,"American Athletic","East","fbs","cfbd_teams_fbs"
"UCLA",2021,"Pac-12","South","fbs","cfbd_teams_fbs"
"Connecticut",2021,"FBS Independents",,"fbs","cfbd_teams_fbs"
"UL Monroe",2021,"Sun Belt","East","fbs","cfbd_teams_fbs"
"UNLV",2021,"Mountain West","West","fbs","cfbd_teams_fbs"
"Southern California",2021,"Pac-12","South","fbs","cfbd_teams_fbs"
"Utah",2021,"Pac-12","South","fbs","cfbd_teams_fbs"
"Utah State",2021,"Mountain West","Mountain","fbs","cfbd_teams_fbs"
"UTEP",2021,"Conference USA","West","fbs","cfbd_teams_fbs"
"UTSA",2021,"Conference USA","West","fbs","cfbd_teams_fbs"
"Vanderbilt",2021,"SEC","East","fbs","cfbd_teams_fbs"
"Virginia",2021,"ACC","Coastal","fbs","cfbd_teams_fbs"
"Virginia Tech",2021,"ACC","Coastal","fbs","cfbd_teams_fbs"
"Wake Forest",2021,"ACC","Atlantic","fbs","cfbd_teams_fbs"
"Washington",2021,"Pac-12","North","fbs","cfbd_teams_fbs"
"Washington State",2021,"Pac-12","North","fbs","cfbd_teams_fbs"
"Western Kentucky",2021,"Conference USA","East","fbs","cfbd_teams_fbs"
"Western Michigan",2021,"Mid-American","West","fbs","cfbd_teams_fbs"
"West Virginia",2021,"Big 12",,"fbs","cfbd_teams_fbs"
"Wisconsin",2021,"Big Ten","West","fbs","cfbd_teams_fbs"
"Wyoming",2021,"Mountain West","Mountain","fbs","cfbd_teams_fbs"
"Air Force",2022,"Mountain West","Mountain","fbs","cfbd_teams_fbs"
"Akron",2022,"Mid-American","East","fbs","cfbd_teams_fbs"
"Alabama",2022,"SEC","West","fbs","cfbd_teams_fbs"
"App State",2022,"Sun Belt","East","fbs","cfbd_teams_fbs"
"Arizona",2022,"Pac-12",,"fbs","cfbd_teams_fbs"
"Arizona State",2022,"Pac-12",,"fbs","cfbd_teams_fbs"
"Arkansas",2022,"SEC","West","fbs","cfbd_teams_fbs"
"Arkansas State",2022,"Sun Belt","West","fbs","cfbd_teams_fbs"
"Army",2022,"FBS Independents",,"fbs","cfbd_teams_fbs"
"Auburn",2022,"SEC","West","fbs","cfbd_teams_fbs"
"Ball State",2022,"Mid-American","West","fbs","cfbd_teams_fbs"
"Baylor",2022,"Big 12",,"fbs","cfbd_teams_fbs"
"Boise State",2022,"Mountain West","Mountain","fbs","cfbd_teams_fbs"
"Boston College",2022,"ACC","Atlantic","fbs","cfbd_teams_fbs"
"Bowling Green",2022,"Mid-American","East","fbs","cfbd_teams_fbs"
"Buffalo",2022,"Mid-American","East","fbs","cfbd_teams_fbs"
"BYU",2022,"FBS Independents",,"fbs","cfbd_teams_fbs"
"California",2022,"Pac-12",,"fbs","cfbd_teams_fbs"
"Central Michigan",2022,"Mid-American","West","fbs","cfbd_teams_fbs"
"Charlotte",2022,"Conference USA",,"fbs","cfbd_teams_fbs"
"Cincinnati",2022,"American Athletic",,"fbs","cfbd_teams_fbs"
"Clemson",2022,"ACC","Atlantic","fbs","cfbd_teams_fbs"
"Coastal Carolina",2022,"Sun Belt","East","fbs","cfbd_teams_fbs"
"Colorado",2022,"Pac-12",,"fbs","cfbd_teams_fbs"
"Colorado State",2022,"Mountain West","Mountain","fbs","cfbd_teams_fbs"
"Duke",2022,"ACC","Coastal","fbs","cfbd_teams_fbs"
"East Carolina",2022,"American Athletic",,"fbs","cfbd_teams_fbs"
"Eastern Michigan",2022,"Mid-American","West","fbs","cfbd_teams_fbs"
"Florida",2022,"SEC","East","fbs","cfbd_teams_fbs"
"Florida Atlantic",2022,"Conference USA",,"fbs","cfbd_teams_fbs"
"Florida International",2022,"Conference USA",,"fbs","cfbd_teams_fbs"
"Florida State",2022,"ACC","Atlantic","fbs","cfbd_teams_fbs"
"Fresno State",2022,"Mountain West","West","fbs","cfbd_teams_fbs"
"Georgia",2022,"SEC","East","fbs","cfbd_teams_fbs"
"Georgia Southern",2022,"Sun Belt","East","fbs","cfbd_teams_fbs"
"Georgia State",2022,"Sun Belt","East","fbs","cfbd_teams_fbs"
"Georgia Tech",2022,"ACC","Coastal","fbs","cfbd_teams_fbs"
"Hawai'i",2022,"Mountain West","West","fbs","cfbd_teams_fbs"
"Houston",2022,"American Athletic",,"fbs","cfbd_teams_fbs"
"Illinois",2022,"Big Ten","West","fbs","cfbd_teams_fbs"
"Indiana",2022,"Big Ten","East","fbs","cfbd_teams_fbs"
"Iowa",2022,"Big Ten","West","fbs","cfbd_teams_fbs"
"Iowa State",2022,"Big 12",,"fbs","cfbd_teams_fbs"
"James Madison",2022,"Sun Belt","East","fbs","cfbd_teams_fbs"
"Kansas",2022,"Big 12",,"fbs","cfbd_teams_fbs"
"Kansas State",2022,"Big 12",,"fbs","cfbd_teams_fbs"
"Kent State",2022,"Mid-American","East","fbs","cfbd_teams_fbs"
"Kentucky",2022,"SEC","East","fbs","cfbd_teams_fbs"
"Liberty",2022,"FBS Independents",,"fbs","cfbd_teams_fbs"
"Louisiana",2022,"Sun Belt","West","fbs","cfbd_teams_fbs"
"Louisiana Tech",2022,"Conference USA",,"fbs","cfbd_teams_fbs"
"Louisville",2022,"ACC","Atlantic","fbs","cfbd_teams_fbs"
"LSU",2022,"SEC","West","fbs","cfbd_teams_fbs"
"Marshall",2022,"Sun Belt","East","fbs","cfbd_teams_fbs"
"Maryland",2022,"Big Ten","East","fbs","cfbd_teams_fbs"
"Massachusetts",2022,"FBS Independents",,"fbs","cfbd_teams_fbs"
"Memphis",2022,"American Athletic",,"fbs","cfbd_teams_fbs"
"Miami",2022,"ACC","Coastal","fbs","cfbd_teams_fbs"
"Miami (OH)",2022,"Mid-American","East","fbs","cfbd_teams_fbs"
"Michigan",2022,"Big Ten","East","fbs","cfbd_teams_fbs"
"Michigan State",2022,"Big Ten","East","fbs","cfbd_teams_fbs"
"Middle Tennessee",2022,"Conference USA",,"fbs","cfbd_teams_fbs"
"Minnesota",2022,"Big Ten","West","fbs","cfbd_teams_fbs"
"Mississippi State",2022,"SEC","West","fbs","cfbd_teams_fbs"
"Missouri",2022,"SEC","East","fbs","cfbd_teams_fbs"
"Navy",2022,"American Athletic",,"fbs","cfbd_teams_fbs"
"North Carolina State",2022,"ACC","Atlantic","fbs","cfbd_teams_fbs"
"Nebraska",2022,"Big Ten","West","fbs","cfbd_teams_fbs"
"Nevada",2022,"Mountain West","West","fbs","cfbd_teams_fbs"
"New Mexico",2022,"Mountain West","Mountain","fbs","cfbd_teams_fbs"
"New Mexico State",2022,"FBS Independents",,"fbs","cfbd_teams_fbs"
"North Carolina",2022,"ACC","Coastal","fbs","cfbd_teams_fbs"
"Northern Illinois",2022,"Mid-American","West","fbs","cfbd_teams_fbs"
"North Texas",2022,"Conference USA",,"fbs","cfbd_teams_fbs"
"Northwestern",2022,"Big Ten","West","fbs","cfbd_teams_fbs"
"Notre Dame",2022,"FBS Independents",,"fbs","cfbd_teams_fbs"
"Ohio",2022,"Mid-American","East","fbs","cfbd_teams_fbs"
"Ohio State",2022,"Big Ten","East","fbs","cfbd_teams_fbs"
"Oklahoma",2022,"Big 12",,"fbs","cfbd_teams_fbs"
"Oklahoma State",2022,"Big 12",,"fbs","cfbd_teams_fbs"
"Old Dominion",2022,"Sun Belt","East","fbs","cfbd_teams_fbs"
"Mississippi",2022,"SEC","West","fbs","cfbd_teams_fbs"
"Oregon",2022,"Pac-12",,"fbs","cfbd_teams_fbs"
"Oregon State",2022,"Pac-12",,"fbs","cfbd_teams_fbs"
"Penn State",2022,"Big Ten","East","fbs","cfbd_teams_fbs"
"Pittsburgh",2022,"ACC","Coastal","fbs","cfbd_teams_fbs"
"Purdue",2022,"Big Ten","West","fbs","cfbd_teams_fbs"
"Rice",2022,"Conference USA",,"fbs","cfbd_teams_fbs"
"Rutgers",2022,"Big Ten","East","fbs","cfbd_teams_fbs"
"San Diego State",2022,"Mountain West","West","fbs","cfbd_teams_fbs"
"San José State",2022,"Mountain West","West","fbs","cfbd_teams_fbs"
"SMU",2022,"American Athletic",,"fbs","cfbd_teams_fbs"
"South Alabama",2022,"Sun Belt","West","fbs","cfbd_teams_fbs"
"South Carolina",2022,"SEC","East","fbs","cfbd_teams_fbs"
"Southern Miss",2022,"Sun Belt","West","fbs","cfbd_teams_fbs"
"South Florida",2022,"American Athletic",,"fbs","cfbd_teams_fbs"
"Stanford",2022,"Pac-12",,"fbs","cfbd_teams_fbs"
"Syracuse",2022,"ACC","Atlantic","fbs","cfbd_teams_fbs"
"TCU",2022,"Big 12",,"fbs","cfbd_teams_fbs"
"Temple",2022,"American Athletic",,"fbs","cfbd_teams_fbs"
"Tennessee",2022,"SEC","East","fbs","cfbd_teams_fbs"
"Texas",2022,"Big 12",,"fbs","cfbd_teams_fbs"
"Texas A&M",2022,"SEC","West","fbs","cfbd_teams_fbs"
"Texas State",2022,"Sun Belt","West","fbs","cfbd_teams_fbs"
"Texas Tech",2022,"Big 12",,"fbs","cfbd_teams_fbs"
"Toledo",2022,"Mid-American","West","fbs","cfbd_teams_fbs"
"Troy",2022,"Sun Belt","West","fbs","cfbd_teams_fbs"
"Tulane",2022,"American Athletic",,"fbs","cfbd_teams_fbs"
"Tulsa",2022,"American Athletic",,"fbs","cfbd_teams_fbs"
"UAB",2022,"Conference USA",,"fbs","cfbd_teams_fbs"
"UCF",2022,"American Athletic",,"fbs","cfbd_teams_fbs"
"UCLA",2022,"Pac-12",,"fbs","cfbd_teams_fbs"
"Connecticut",2022,"FBS Independents",,"fbs","cfbd_teams_fbs"
"UL Monroe",2022,"Sun Belt","West","fbs","cfbd_teams_fbs"
"UNLV",2022,"Mountain West","West","fbs","cfbd_teams_fbs"
"Southern California",2022,"Pac-12",,"fbs","cfbd_teams_fbs"
"Utah",2022,"Pac-12",,"fbs","cfbd_teams_fbs"
"Utah State",2022,"Mountain West","Mountain","fbs","cfbd_teams_fbs"
"UTEP",2022,"Conference USA",,"fbs","cfbd_teams_fbs"
"UTSA",2022,"Conference USA",,"fbs","cfbd_teams_fbs"
"Vanderbilt",2022,"SEC","East","fbs","cfbd_teams_fbs"
"Virginia",2022,"ACC","Coastal","fbs","cfbd_teams_fbs"
"Virginia Tech",2022,"ACC","Coastal","fbs","cfbd_teams_fbs"
"Wake Forest",2022,"ACC","Atlantic","fbs","cfbd_teams_fbs"
"Washington",2022,"Pac-12",,"fbs","cfbd_teams_fbs"
"Washington State",2022,"Pac-12",,"fbs","cfbd_teams_fbs"
"Western Kentucky",2022,"Conference USA",,"fbs","cfbd_teams_fbs"
"Western Michigan",2022,"Mid-American","West","fbs","cfbd_teams_fbs"
"West Virginia",2022,"Big 12",,"fbs","cfbd_teams_fbs"
"Wisconsin",2022,"Big Ten","West","fbs","cfbd_teams_fbs"
"Wyoming",2022,"Mountain West","Mountain","fbs","cfbd_teams_fbs"
"Air Force",2023,"Mountain West","Mountain","fbs","cfbd_teams_fbs"
"Akron",2023,"Mid-American","East","fbs","cfbd_teams_fbs"
"Alabama",2023,"SEC","West","fbs","cfbd_teams_fbs"
"App State",2023,"Sun Belt","East","fbs","cfbd_teams_fbs"
"Arizona",2023,"Pac-12",,"fbs","cfbd_teams_fbs"
"Arizona State",2023,"Pac-12",,"fbs","cfbd_teams_fbs"
"Arkansas",2023,"SEC","West","fbs","cfbd_teams_fbs"
"Arkansas State",2023,"Sun Belt","West","fbs","cfbd_teams_fbs"
"Army",2023,"FBS Independents",,"fbs","cfbd_teams_fbs"
"Auburn",2023,"SEC","West","fbs","cfbd_teams_fbs"
"Ball State",2023,"Mid-American","West","fbs","cfbd_teams_fbs"
"Baylor",2023,"Big 12",,"fbs","cfbd_teams_fbs"
"Boise State",2023,"Mountain West","Mountain","fbs","cfbd_teams_fbs"
"Boston College",2023,"ACC","Atlantic","fbs","cfbd_teams_fbs"
"Bowling Green",2023,"Mid-American","East","fbs","cfbd_teams_fbs"
"Buffalo",2023,"Mid-American","East","fbs","cfbd_teams_fbs"
"BYU",2023,"Big 12",,"fbs","cfbd_teams_fbs"
"California",2023,"Pac-12",,"fbs","cfbd_teams_fbs"
"Central Michigan",2023,"Mid-American","West","fbs","cfbd_teams_fbs"
"Charlotte",2023,"American Athletic",,"fbs","cfbd_teams_fbs"
"Cincinnati",2023,"Big 12",,"fbs","cfbd_teams_fbs"
"Clemson",2023,"ACC","Atlantic","fbs","cfbd_teams_fbs"
"Coastal Carolina",2023,"Sun Belt","East","fbs","cfbd_teams_fbs"
"Colorado",2023,"Pac-12",,"fbs","cfbd_teams_fbs"
"Colorado State",2023,"Mountain West","Mountain","fbs","cfbd_teams_fbs"
"Duke",2023,"ACC","Coastal","fbs","cfbd_teams_fbs"
"East Carolina",2023,"American Athletic",,"fbs","cfbd_teams_fbs"
"Eastern Michigan",2023,"Mid-American","West","fbs","cfbd_teams_fbs"
"Florida",2023,"SEC","East","fbs","cfbd_teams_fbs"
"Florida Atlantic",2023,"American Athletic",,"fbs","cfbd_teams_fbs"
"Florida International",2023,"Conference USA",,"fbs","cfbd_teams_fbs"
"Florida State",2023,"ACC","Atlantic","fbs","cfbd_teams_fbs"
"Fresno State",2023,"Mountain West","West","fbs","cfbd_teams_fbs"
"Georgia",2023,"SEC","East","fbs","cfbd_teams_fbs"
"Georgia Southern",2023,"Sun Belt","East","fbs","cfbd_teams_fbs"
"Georgia State",2023,"Sun Belt","East","fbs","cfbd_teams_fbs"
"Georgia Tech",2023,"ACC","Coastal","fbs","cfbd_teams_fbs"
"Hawai'i",2023,"Mountain West","West","fbs","cfbd_teams_fbs"
"Houston",2023,"Big 12",,"fbs","cfbd_teams_fbs"
"Illinois",2023,"Big Ten","West","fbs","cfbd_teams_fbs"
"Indiana",2023,"Big Ten","East","fbs","cfbd_teams_fbs"
"Iowa",2023,"Big Ten","West","fbs","cfbd_teams_fbs"
"Iowa State",2023,"Big 12",,"fbs","cfbd_teams_fbs"
"Jacksonville State",2023,"Conference USA",,"fbs","cfbd_teams_fbs"
"James Madison",2023,"Sun Belt","East","fbs","cfbd_teams_fbs"
"Kansas",2023,"Big 12",,"fbs","cfbd_teams_fbs"
"Kansas State",2023,"Big 12",,"fbs","cfbd_teams_fbs"
"Kent State",2023,"Mid-American","East","fbs","cfbd_teams_fbs"
"Kentucky",2023,"SEC","East","fbs","cfbd_teams_fbs"
"Liberty",2023,"Conference USA",,"fbs","cfbd_teams_fbs"
"Louisiana",2023,"Sun Belt","West","fbs","cfbd_teams_fbs"
"Louisiana Tech",2023,"Conference USA",,"fbs","cfbd_teams_fbs"
"Louisville",2023,"ACC","Atlantic","fbs","cfbd_teams_fbs"
"LSU",2023,"SEC","West","fbs","cfbd_teams_fbs"
"Marshall",2023,"Sun Belt","East","fbs","cfbd_teams_fbs"
"Maryland",2023,"Big Ten","East","fbs","cfbd_teams_fbs"
"Massachusetts",2023,"FBS Independents",,"fbs","cfbd_teams_fbs"
"Memphis",2023,"American Athletic",,"fbs","cfbd_teams_fbs"
"Miami",2023,"ACC","Coastal","fbs","cfbd_teams_fbs"
"Miami (OH)",2023,"Mid-American","East","fbs","cfbd_teams_fbs"
"Michigan",2023,"Big Ten","East","fbs","cfbd_teams_fbs"
"Michigan State",2023,"Big Ten","East","fbs","cfbd_teams_fbs"
"Middle Tennessee",2023,"Conference USA",,"fbs","cfbd_teams_fbs"
"Minnesota",2023,"Big Ten","West","fbs","cfbd_teams_fbs"
"Mississippi State",2023,"SEC","West","fbs","cfbd_teams_fbs"
"Missouri",2023,"SEC","East","fbs","cfbd_teams_fbs"
"Navy",2023,"American Athletic",,"fbs","cfbd_teams_fbs"
"North Carolina State",2023,"ACC","Atlantic","fbs","cfbd_teams_fbs"
"Nebraska",2023,"Big Ten","West","fbs","cfbd_teams_fbs"
"Nevada",2023,"Mountain West","West","fbs","cfbd_teams_fbs"
"New Mexico",2023,"Mountain West","Mountain","fbs","cfbd_teams_fbs"
"New Mexico State",2023,"Conference USA",,"fbs","cfbd_teams_fbs"
"North Carolina",2023,"ACC","Coastal","fbs","cfbd_teams_fbs"
"Northern Illinois",2023,"Mid-American","West","fbs","cfbd_teams_fbs"
"North Texas",2023,"American Athletic",,"fbs","cfbd_teams_fbs"
"Northwestern",2023,"Big Ten","West","fbs","cfbd_teams_fbs"
"Notre Dame",2023,"FBS Independents",,"fbs","cfbd_teams_fbs"
"Ohio",2023,"Mid-American","East","fbs","cfbd_teams_fbs"
"Ohio State",2023,"Big Ten","East","fbs","cfbd_teams_fbs"
"Oklahoma",2023,"Big 12",,"fbs","cfbd_teams_fbs"
"Oklahoma State",2023,"Big 12",,"fbs","cfbd_teams_fbs"
"Old Dominion",2023,"Sun Belt","East","fbs","cfbd_teams_fbs"
"Mississippi",2023,"SEC","West","fbs","cfbd_teams_fbs"
"Oregon",2023,"Pac-12",,"fbs","cfbd_teams_fbs"
"Oregon State",2023,"Pac-12",,"fbs","cfbd_teams_fbs"
"Penn State",2023,"Big Ten","East","fbs","cfbd_teams_fbs"
"Pittsburgh",2023,"ACC","Coastal","fbs","cfbd_teams_fbs"
"Purdue",2023,"Big Ten","West","fbs","cfbd_teams_fbs"
"Rice",2023,"American Athletic",,"fbs","cfbd_teams_fbs"
"Rutgers",2023,"Big Ten","East","fbs","cfbd_teams_fbs"
"Sam Houston",2023,"Conference USA",,"fbs","cfbd_teams_fbs"
"San Diego State",2023,"Mountain West","West","fbs","cfbd_teams_fbs"
"San José State",2023,"Mountain West","West","fbs","cfbd_teams_fbs"
"SMU",2023,"American Athletic",,"fbs","cfbd_teams_fbs"
"South Alabama",2023,"Sun Belt","West","fbs","cfbd_teams_fbs"
"South Carolina",2023,"SEC","East","fbs","cfbd_teams_fbs"
"Southern Miss",2023,"Sun Belt","West","fbs","cfbd_teams_fbs"
"South Florida",2023,"American Athletic",,"fbs","cfbd_teams_fbs"
"Stanford",2023,"Pac-12",,"fbs","cfbd_teams_fbs"
"Syracuse",2023,"ACC","Atlantic","fbs","cfbd_teams_fbs"
"TCU",2023,"Big 12",,"fbs","cfbd_teams_fbs"
"Temple",2023,"American Athletic",,"fbs","cfbd_teams_fbs"
"Tennessee",2023,"SEC","East","fbs","cfbd_teams_fbs"
"Texas",2023,"Big 12",,"fbs","cfbd_teams_fbs"
"Texas A&M",2023,"SEC","West","fbs","cfbd_teams_fbs"
"Texas State",2023,"Sun Belt","West","fbs","cfbd_teams_fbs"
"Texas Tech",2023,"Big 12",,"fbs","cfbd_teams_fbs"
"Toledo",2023,"Mid-American","West","fbs","cfbd_teams_fbs"
"Troy",2023,"Sun Belt","West","fbs","cfbd_teams_fbs"
"Tulane",2023,"American Athletic",,"fbs","cfbd_teams_fbs"
"Tulsa",2023,"American Athletic",,"fbs","cfbd_teams_fbs"
"UAB",2023,"American Athletic",,"fbs","cfbd_teams_fbs"
"UCF",2023,"Big 12",,"fbs","cfbd_teams_fbs"
"UCLA",2023,"Pac-12",,"fbs","cfbd_teams_fbs"
"Connecticut",2023,"FBS Independents",,"fbs","cfbd_teams_fbs"
"UL Monroe",2023,"Sun Belt","West","fbs","cfbd_teams_fbs"
"UNLV",2023,"Mountain West","West","fbs","cfbd_teams_fbs"
"Southern California",2023,"Pac-12",,"fbs","cfbd_teams_fbs"
"Utah",2023,"Pac-12",,"fbs","cfbd_teams_fbs"
"Utah State",2023,"Mountain West","Mountain","fbs","cfbd_teams_fbs"
"UTEP",2023,"Conference USA",,"fbs","cfbd_teams_fbs"
"UTSA",2023,"American Athletic",,"fbs","cfbd_teams_fbs"
"Vanderbilt",2023,"SEC","East","fbs","cfbd_teams_fbs"
"Virginia",2023,"ACC","Coastal","fbs","cfbd_teams_fbs"
"Virginia Tech",2023,"ACC","Coastal","fbs","cfbd_teams_fbs"
"Wake Forest",2023,"ACC","Atlantic","fbs","cfbd_teams_fbs"
"Washington",2023,"Pac-12",,"fbs","cfbd_teams_fbs"
"Washington State",2023,"Pac-12",,"fbs","cfbd_teams_fbs"
"Western Kentucky",2023,"Conference USA",,"fbs","cfbd_teams_fbs"
"Western Michigan",2023,"Mid-American","West","fbs","cfbd_teams_fbs"
"West Virginia",2023,"Big 12",,"fbs","cfbd_teams_fbs"
"Wisconsin",2023,"Big Ten","West","fbs","cfbd_teams_fbs"
"Wyoming",2023,"Mountain West","Mountain","fbs","cfbd_teams_fbs"
"Air Force",2024,"Mountain West",,"fbs","cfbd_teams_fbs"
"Akron",2024,"Mid-American",,"fbs","cfbd_teams_fbs"
"Alabama",2024,"SEC",,"fbs","cfbd_teams_fbs"
"App State",2024,"Sun Belt","East","fbs","cfbd_teams_fbs"
"Arizona",2024,"Big 12",,"fbs","cfbd_teams_fbs"
"Arizona State",2024,"Big 12",,"fbs","cfbd_teams_fbs"
"Arkansas",2024,"SEC",,"fbs","cfbd_teams_fbs"
"Arkansas State",2024,"Sun Belt","West","fbs","cfbd_teams_fbs"
"Army",2024,"American Athletic",,"fbs","cfbd_teams_fbs"
"Auburn",2024,"SEC",,"fbs","cfbd_teams_fbs"
"Ball State",2024,"Mid-American",,"fbs","cfbd_teams_fbs"
"Baylor",2024,"Big 12",,"fbs","cfbd_teams_fbs"
"Boise State",2024,"Mountain West",,"fbs","cfbd_teams_fbs"
"Boston College",2024,"ACC",,"fbs","cfbd_teams_fbs"
"Bowling Green",2024,"Mid-American",,"fbs","cfbd_teams_fbs"
"Buffalo",2024,"Mid-American",,"fbs","cfbd_teams_fbs"
"BYU",2024,"Big 12",,"fbs","cfbd_teams_fbs"
"California",2024,"ACC",,"fbs","cfbd_teams_fbs"
"Central Michigan",2024,"Mid-American",,"fbs","cfbd_teams_fbs"
"Charlotte",2024,"American Athletic",,"fbs","cfbd_teams_fbs"
"Cincinnati",2024,"Big 12",,"fbs","cfbd_teams_fbs"
"Clemson",2024,"ACC",,"fbs","cfbd_teams_fbs"
"Coastal Carolina",2024,"Sun Belt","East","fbs","cfbd_teams_fbs"
"Colorado",2024,"Big 12",,"fbs","cfbd_teams_fbs"
"Colorado State",2024,"Mountain West",,"fbs","cfbd_teams_fbs"
"Duke",2024,"ACC",,"fbs","cfbd_teams_fbs"
"East Carolina",2024,"American Athletic",,"fbs","cfbd_teams_fbs"
"Eastern Michigan",2024,"Mid-American",,"fbs","cfbd_teams_fbs"
"Florida",2024,"SEC",,"fbs","cfbd_teams_fbs"
"Florida Atlantic",2024,"American Athletic",,"fbs","cfbd_teams_fbs"
"Florida International",2024,"Conference USA",,"fbs","cfbd_teams_fbs"
"Florida State",2024,"ACC",,"fbs","cfbd_teams_fbs"
"Fresno State",2024,"Mountain West",,"fbs","cfbd_teams_fbs"
"Georgia",2024,"SEC",,"fbs","cfbd_teams_fbs"
"Georgia Southern",2024,"Sun Belt","East","fbs","cfbd_teams_fbs"
"Georgia State",2024,"Sun Belt","East","fbs","cfbd_teams_fbs"
"Georgia Tech",2024,"ACC",,"fbs","cfbd_teams_fbs"
"Hawai'i",2024,"Mountain West",,"fbs","cfbd_teams_fbs"
"Houston",2024,"Big 12",,"fbs","cfbd_teams_fbs"
"Illinois",2024,"Big Ten",,"fbs","cfbd_teams_fbs"
"Indiana",2024,"Big Ten",,"fbs","cfbd_teams_fbs"
"Iowa",2024,"Big Ten",,"fbs","cfbd_teams_fbs"
"Iowa State",2024,"Big 12",,"fbs","cfbd_teams_fbs"
"Jacksonville State",2024,"Conference USA",,"fbs","cfbd_teams_fbs"
"James Madison",2024,"Sun Belt","East","fbs","cfbd_teams_fbs"
"Kansas",2024,"Big 12",,"fbs","cfbd_teams_fbs"
"Kansas State",2024,"Big 12",,"fbs","cfbd_teams_fbs"
"Kennesaw State",2024,"Conference USA",,"fbs","cfbd_teams_fbs"
"Kent State",2024,"Mid-American",,"fbs","cfbd_teams_fbs"
"Kentucky",2024,"SEC",,"fbs","cfbd_teams_fbs"
"Liberty",2024,"Conference USA",,"fbs","cfbd_teams_fbs"
"Louisiana",2024,"Sun Belt","West","fbs","cfbd_teams_fbs"
"Louisiana Tech",2024,"Conference USA",,"fbs","cfbd_teams_fbs"
"Louisville",2024,"ACC",,"fbs","cfbd_teams_fbs"
"LSU",2024,"SEC",,"fbs","cfbd_teams_fbs"
"Marshall",2024,"Sun Belt","East","fbs","cfbd_teams_fbs"
"Maryland",2024,"Big Ten",,"fbs","cfbd_teams_fbs"
"Massachusetts",2024,"FBS Independents",,"fbs","cfbd_teams_fbs"
"Memphis",2024,"American Athletic",,"fbs","cfbd_teams_fbs"
"Miami",2024,"ACC",,"fbs","cfbd_teams_fbs"
"Miami (OH)",2024,"Mid-American",,"fbs","cfbd_teams_fbs"
"Michigan",2024,"Big Ten",,"fbs","cfbd_teams_fbs"
"Michigan State",2024,"Big Ten",,"fbs","cfbd_teams_fbs"
"Middle Tennessee",2024,"Conference USA",,"fbs","cfbd_teams_fbs"
"Minnesota",2024,"Big Ten",,"fbs","cfbd_teams_fbs"
"Mississippi State",2024,"SEC",,"fbs","cfbd_teams_fbs"
"Missouri",2024,"SEC",,"fbs","cfbd_teams_fbs"
"Navy",2024,"American Athletic",,"fbs","cfbd_teams_fbs"
"North Carolina State",2024,"ACC",,"fbs","cfbd_teams_fbs"
"Nebraska",2024,"Big Ten",,"fbs","cfbd_teams_fbs"
"Nevada",2024,"Mountain West",,"fbs","cfbd_teams_fbs"
"New Mexico",2024,"Mountain West",,"fbs","cfbd_teams_fbs"
"New Mexico State",2024,"Conference USA",,"fbs","cfbd_teams_fbs"
"North Carolina",2024,"ACC",,"fbs","cfbd_teams_fbs"
"Northern Illinois",2024,"Mid-American",,"fbs","cfbd_teams_fbs"
"North Texas",2024,"American Athletic",,"fbs","cfbd_teams_fbs"
"Northwestern",2024,"Big Ten",,"fbs","cfbd_teams_fbs"
"Notre Dame",2024,"FBS Independents",,"fbs","cfbd_teams_fbs"
"Ohio",2024,"Mid-American",,"fbs","cfbd_teams_fbs"
"Ohio State",2024,"Big Ten",,"fbs","cfbd_teams_fbs"
"Oklahoma",2024,"SEC",,"fbs","cfbd_teams_fbs"
"Oklahoma State",2024,"Big 12",,"fbs","cfbd_teams_fbs"
"Old Dominion",2024,"Sun Belt","East","fbs","cfbd_teams_fbs"
"Mississippi",2024,"SEC",,"fbs","cfbd_teams_fbs"
"Oregon",2024,"Big Ten",,"fbs","cfbd_teams_fbs"
"Oregon State",2024,"Pac-12",,"fbs","cfbd_teams_fbs"
"Penn State",2024,"Big Ten",,"fbs","cfbd_teams_fbs"
"Pittsburgh",2024,"ACC",,"fbs","cfbd_teams_fbs"
"Purdue",2024,"Big Ten",,"fbs","cfbd_teams_fbs"
"Rice",2024,"American Athletic",,"fbs","cfbd_teams_fbs"
"Rutgers",2024,"Big Ten",,"fbs","cfbd_teams_fbs"
"Sam Houston",2024,"Conference USA",,"fbs","cfbd_teams_fbs"
"San Diego State",2024,"Mountain West",,"fbs","cfbd_teams_fbs"
"San José State",2024,"Mountain West",,"fbs","cfbd_teams_fbs"
"SMU",2024,"ACC",,"fbs","cfbd_teams_fbs"
"South Alabama",2024,"Sun Belt","West","fbs","cfbd_teams_fbs"
"South Carolina",2024,"SEC",,"fbs","cfbd_teams_fbs"
"Southern Miss",2024,"Sun Belt","West","fbs","cfbd_teams_fbs"
"South Florida",2024,"American Athletic",,"fbs","cfbd_teams_fbs"
"Stanford",2024,"ACC",,"fbs","cfbd_teams_fbs"
"Syracuse",2024,"ACC",,"fbs","cfbd_teams_fbs"
"TCU",2024,"Big 12",,"fbs","cfbd_teams_fbs"
"Temple",2024,"American Athletic",,"fbs","cfbd_teams_fbs"
"Tennessee",2024,"SEC",,"fbs","cfbd_teams_fbs"
"Texas",2024,"SEC",,"fbs","cfbd_teams_fbs"
"Texas A&M",2024,"SEC",,"fbs","cfbd_teams_fbs"
"Texas State",2024,"Sun Belt","West","fbs","cfbd_teams_fbs"
"Texas Tech",2024,"Big 12",,"fbs","cfbd_teams_fbs"
"Toledo",2024,"Mid-American",,"fbs","cfbd_teams_fbs"
"Troy",2024,"Sun Belt","West","fbs","cfbd_teams_fbs"
"Tulane",2024,"American Athletic",,"fbs","cfbd_teams_fbs"
"Tulsa",2024,"American Athletic",,"fbs","cfbd_teams_fbs"
"UAB",2024,"American Athletic",,"fbs","cfbd_teams_fbs"
"UCF",2024,"Big 12",,"fbs","cfbd_teams_fbs"
"UCLA",2024,"Big Ten",,"fbs","cfbd_teams_fbs"
"Connecticut",2024,"FBS Independents",,"fbs","cfbd_teams_fbs"
"UL Monroe",2024,"Sun Belt","West","fbs","cfbd_teams_fbs"
"UNLV",2024,"Mountain West",,"fbs","cfbd_teams_fbs"
"Southern California",2024,"Big Ten",,"fbs","cfbd_teams_fbs"
"Utah",2024,"Big 12",,"fbs","cfbd_teams_fbs"
"Utah State",2024,"Mountain West",,"fbs","cfbd_teams_fbs"
"UTEP",2024,"Conference USA",,"fbs","cfbd_teams_fbs"
"UTSA",2024,"American Athletic",,"fbs","cfbd_teams_fbs"
"Vanderbilt",2024,"SEC",,"fbs","cfbd_teams_fbs"
"Virginia",2024,"ACC",,"fbs","cfbd_teams_fbs"
"Virginia Tech",2024,"ACC",,"fbs","cfbd_teams_fbs"
"Wake Forest",2024,"ACC",,"fbs","cfbd_teams_fbs"
"Washington",2024,"Big Ten",,"fbs","cfbd_teams_fbs"
"Washington State",2024,"Pac-12",,"fbs","cfbd_teams_fbs"
"Western Kentucky",2024,"Conference USA",,"fbs","cfbd_teams_fbs"
"Western Michigan",2024,"Mid-American",,"fbs","cfbd_teams_fbs"
"West Virginia",2024,"Big 12",,"fbs","cfbd_teams_fbs"
"Wisconsin",2024,"Big Ten",,"fbs","cfbd_teams_fbs"
"Wyoming",2024,"Mountain West",,"fbs","cfbd_teams_fbs"
"Air Force",2025,"Mountain West",,"fbs","cfbd_teams_fbs"
"Akron",2025,"Mid-American",,"fbs","cfbd_teams_fbs"
"Alabama",2025,"SEC",,"fbs","cfbd_teams_fbs"
"App State",2025,"Sun Belt","East","fbs","cfbd_teams_fbs"
"Arizona",2025,"Big 12",,"fbs","cfbd_teams_fbs"
"Arizona State",2025,"Big 12",,"fbs","cfbd_teams_fbs"
"Arkansas",2025,"SEC",,"fbs","cfbd_teams_fbs"
"Arkansas State",2025,"Sun Belt","West","fbs","cfbd_teams_fbs"
"Army",2025,"American Athletic",,"fbs","cfbd_teams_fbs"
"Auburn",2025,"SEC",,"fbs","cfbd_teams_fbs"
"Ball State",2025,"Mid-American",,"fbs","cfbd_teams_fbs"
"Baylor",2025,"Big 12",,"fbs","cfbd_teams_fbs"
"Boise State",2025,"Mountain West",,"fbs","cfbd_teams_fbs"
"Boston College",2025,"ACC",,"fbs","cfbd_teams_fbs"
"Bowling Green",2025,"Mid-American",,"fbs","cfbd_teams_fbs"
"Buffalo",2025,"Mid-American",,"fbs","cfbd_teams_fbs"
"BYU",2025,"Big 12",,"fbs","cfbd_teams_fbs"
"California",2025,"ACC",,"fbs","cfbd_teams_fbs"
"Central Michigan",2025,"Mid-American",,"fbs","cfbd_teams_fbs"
"Charlotte",2025,"American Athletic",,"fbs","cfbd_teams_fbs"
"Cincinnati",2025,"Big 12",,"fbs","cfbd_teams_fbs"
"Clemson",2025,"ACC",,"fbs","cfbd_teams_fbs"
"Coastal Carolina",2025,"Sun Belt","East","fbs","cfbd_teams_fbs"
"Colorado",2025,"Big 12",,"fbs","cfbd_teams_fbs"
"Colorado State",2025,"Mountain West",,"fbs","cfbd_teams_fbs"
"Delaware",2025,"Conference USA",,"fbs","cfbd_teams_fbs"
"Duke",2025,"ACC",,"fbs","cfbd_teams_fbs"
"East Carolina",2025,"American Athletic",,"fbs","cfbd_teams_fbs"
"Eastern Michigan",2025,"Mid-American",,"fbs","cfbd_teams_fbs"
"Florida",2025,"SEC",,"fbs","cfbd_teams_fbs"
"Florida Atlantic",2025,"American Athletic",,"fbs","cfbd_teams_fbs"
"Florida International",2025,"Conference USA",,"fbs","cfbd_teams_fbs"
"Florida State",2025,"ACC",,"fbs","cfbd_teams_fbs"
"Fresno State",2025,"Mountain West",,"fbs","cfbd_teams_fbs"
"Georgia",2025,"SEC",,"fbs","cfbd_teams_fbs"
"Georgia Southern",2025,"Sun Belt","East","fbs","cfbd_teams_fbs"
"Georgia State",2025,"Sun Belt","East","fbs","cfbd_teams_fbs"
"Georgia Tech",2025,"ACC",,"fbs","cfbd_teams_fbs"
"Hawai'i",2025,"Mountain West",,"fbs","cfbd_teams_fbs"
"Houston",2025,"Big 12",,"fbs","cfbd_teams_fbs"
"Illinois",2025,"Big Ten",,"fbs","cfbd_teams_fbs"
"Indiana",2025,"Big Ten",,"fbs","cfbd_teams_fbs"
"Iowa",2025,"Big Ten",,"fbs","cfbd_teams_fbs"
"Iowa State",2025,"Big 12",,"fbs","cfbd_teams_fbs"
"Jacksonville State",2025,"Conference USA",,"fbs","cfbd_teams_fbs"
"James Madison",2025,"Sun Belt","East","fbs","cfbd_teams_fbs"
"Kansas",2025,"Big 12",,"fbs","cfbd_teams_fbs"
"Kansas State",2025,"Big 12",,"fbs","cfbd_teams_fbs"
"Kennesaw State",2025,"Conference USA",,"fbs","cfbd_teams_fbs"
"Kent State",2025,"Mid-American",,"fbs","cfbd_teams_fbs"
"Kentucky",2025,"SEC",,"fbs","cfbd_teams_fbs"
"Liberty",2025,"Conference USA",,"fbs","cfbd_teams_fbs"
"Louisiana",2025,"Sun Belt","West","fbs","cfbd_teams_fbs"
"Louisiana Tech",2025,"Conference USA",,"fbs","cfbd_teams_fbs"
"Louisville",2025,"ACC",,"fbs","cfbd_teams_fbs"
"LSU",2025,"SEC",,"fbs","cfbd_teams_fbs"
"Marshall",2025,"Sun Belt","East","fbs","cfbd_teams_fbs"
"Maryland",2025,"Big Ten",,"fbs","cfbd_teams_fbs"
"Massachusetts",2025,"Mid-American",,"fbs","cfbd_teams_fbs"
"Memphis",2025,"American Athletic",,"fbs","cfbd_teams_fbs"
"Miami",2025,"ACC",,"fbs","cfbd_teams_fbs"
"Miami (OH)",2025,"Mid-American",,"fbs","cfbd_teams_fbs"
"Michigan",2025,"Big Ten",,"fbs","cfbd_teams_fbs"
"Michigan State",2025,"Big Ten",,"fbs","cfbd_teams_fbs"
"Middle Tennessee",2025,"Conference USA",,"fbs","cfbd_teams_fbs"
"Minnesota",2025,"Big Ten",,"fbs","cfbd_teams_fbs"
"Mississippi State",2025,"SEC",,"fbs","cfbd_teams_fbs"
"Missouri",2025,"SEC",,"fbs","cfbd_teams_fbs"
"Missouri State",2025,"Conference USA",,"fbs","cfbd_teams_fbs"
"Navy",2025,"American Athletic",,"fbs","cfbd_teams_fbs"
"North Carolina State",2025,"ACC",,"fbs","cfbd_teams_fbs"
"Nebraska",2025,"Big Ten",,"fbs","cfbd_teams_fbs"
"Nevada",2025,"Mountain West",,"fbs","cfbd_teams_fbs"
"New Mexico",2025,"Mountain West",,"fbs","cfbd_teams_fbs"
"New Mexico State",2025,"Conference USA",,"fbs","cfbd_teams_fbs"
"North Carolina",2025,"ACC",,"fbs","cfbd_teams_fbs"
"Northern Illinois",2025,"Mid-American",,"fbs","cfbd_teams_fbs"
"North Texas",2025,"American Athletic",,"fbs","cfbd_teams_fbs"
"Northwestern",2025,"Big Ten",,"fbs","cfbd_teams_fbs"
"Notre Dame",2025,"FBS Independents",,"fbs","cfbd_teams_fbs"
"Ohio",2025,"Mid-American",,"fbs","cfbd_teams_fbs"
"Ohio State",2025,"Big Ten",,"fbs","cfbd_teams_fbs"
"Oklahoma",2025,"SEC",,"fbs","cfbd_teams_fbs"
"Oklahoma State",2025,"Big 12",,"fbs","cfbd_teams_fbs"
"Old Dominion",2025,"Sun Belt","East","fbs","cfbd_teams_fbs"
"Mississippi",2025,"SEC",,"fbs","cfbd_teams_fbs"
"Oregon",2025,"Big Ten",,"fbs","cfbd_teams_fbs"
"Oregon State",2025,"Pac-12",,"fbs","cfbd_teams_fbs"
"Penn State",2025,"Big Ten",,"fbs","cfbd_teams_fbs"
"Pittsburgh",2025,"ACC",,"fbs","cfbd_teams_fbs"
"Purdue",2025,"Big Ten",,"fbs","cfbd_teams_fbs"
"Rice",2025,"American Athletic",,"fbs","cfbd_teams_fbs"
"Rutgers",2025,"Big Ten",,"fbs","cfbd_teams_fbs"
"Sam Houston",2025,"Conference USA",,"fbs","cfbd_teams_fbs"
"San Diego State",2025,"Mountain West",,"fbs","cfbd_teams_fbs"
"San José State",2025,"Mountain West",,"fbs","cfbd_teams_fbs"
"SMU",2025,"ACC",,"fbs","cfbd_teams_fbs"
"South Alabama",2025,"Sun Belt","West","fbs","cfbd_teams_fbs"
"South Carolina",2025,"SEC",,"fbs","cfbd_teams_fbs"
"Southern Miss",2025,"Sun Belt","West","fbs","cfbd_teams_fbs"
"South Florida",2025,"American Athletic",,"fbs","cfbd_teams_fbs"
"Stanford",2025,"ACC",,"fbs","cfbd_teams_fbs"
"Syracuse",2025,"ACC",,"fbs","cfbd_teams_fbs"
"TCU",2025,"Big 12",,"fbs","cfbd_teams_fbs"
"Temple",2025,"American Athletic",,"fbs","cfbd_teams_fbs"
"Tennessee",2025,"SEC",,"fbs","cfbd_teams_fbs"
"Texas",2025,"SEC",,"fbs","cfbd_teams_fbs"
"Texas A&M",2025,"SEC",,"fbs","cfbd_teams_fbs"
"Texas State",2025,"Sun Belt","West","fbs","cfbd_teams_fbs"
"Texas Tech",2025,"Big 12",,"fbs","cfbd_teams_fbs"
"Toledo",2025,"Mid-American",,"fbs","cfbd_teams_fbs"
"Troy",2025,"Sun Belt","West","fbs","cfbd_teams_fbs"
"Tulane",2025,"American Athletic",,"fbs","cfbd_teams_fbs"
"Tulsa",2025,"American Athletic",,"fbs","cfbd_teams_fbs"
"UAB",2025,"American Athletic",,"fbs","cfbd_teams_fbs"
"UCF",2025,"Big 12",,"fbs","cfbd_teams_fbs"
"UCLA",2025,"Big Ten",,"fbs","cfbd_teams_fbs"
"Connecticut",2025,"FBS Independents",,"fbs","cfbd_teams_fbs"
"UL Monroe",2025,"Sun Belt","West","fbs","cfbd_teams_fbs"
"UNLV",2025,"Mountain West",,"fbs","cfbd_teams_fbs"
"Southern California",2025,"Big Ten",,"fbs","cfbd_teams_fbs"
"Utah",2025,"Big 12",,"fbs","cfbd_teams_fbs"
"Utah State",2025,"Mountain West",,"fbs","cfbd_teams_fbs"
"UTEP",2025,"Conference USA",,"fbs","cfbd_teams_fbs"
"UTSA",2025,"American Athletic",,"fbs","cfbd_teams_fbs"
"Vanderbilt",2025,"SEC",,"fbs","cfbd_teams_fbs"
"Virginia",2025,"ACC",,"fbs","cfbd_teams_fbs"
"Virginia Tech",2025,"ACC",,"fbs","cfbd_teams_fbs"
"Wake Forest",2025,"ACC",,"fbs","cfbd_teams_fbs"
"Washington",2025,"Big Ten",,"fbs","cfbd_teams_fbs"
"Washington State",2025,"Pac-12",,"fbs","cfbd_teams_fbs"
"Western Kentucky",2025,"Conference USA",,"fbs","cfbd_teams_fbs"
"Western Michigan",2025,"Mid-American",,"fbs","cfbd_teams_fbs"
"West Virginia",2025,"Big 12",,"fbs","cfbd_teams_fbs"
"Wisconsin",2025,"Big Ten",,"fbs","cfbd_teams_fbs"
"Wyoming",2025,"Mountain West",,"fbs","cfbd_teams_fbs"
